cdid,item_name_kr,stat_code,time,data_value,unit
BOKI,상품무역(G),UK_BoP_Table_A_sub1,2006Q1,-20882.0,GBP million
BOKI,상품무역(G),UK_BoP_Table_A_sub1,2006Q2,-18935.0,GBP million
BOKI,상품무역(G),UK_BoP_Table_A_sub1,2006Q3,-21435.0,GBP million
BOKI,상품무역(G),UK_BoP_Table_A_sub1,2006Q4,-20840.0,GBP million
BOKI,상품무역(G),UK_BoP_Table_A_sub1,2007Q1,-23185.0,GBP million
BOKI,상품무역(G),UK_BoP_Table_A_sub1,2007Q2,-21107.0,GBP million
BOKI,상품무역(G),UK_BoP_Table_A_sub1,2007Q3,-25210.0,GBP million
BOKI,상품무역(G),UK_BoP_Table_A_sub1,2007Q4,-23898.0,GBP million
BOKI,상품무역(G),UK_BoP_Table_A_sub1,2008Q1,-24029.0,GBP million
BOKI,상품무역(G),UK_BoP_Table_A_sub1,2008Q2,-25078.0,GBP million
BOKI,상품무역(G),UK_BoP_Table_A_sub1,2008Q3,-23730.0,GBP million
BOKI,상품무역(G),UK_BoP_Table_A_sub1,2008Q4,-23033.0,GBP million
BOKI,상품무역(G),UK_BoP_Table_A_sub1,2009Q1,-22856.0,GBP million
BOKI,상품무역(G),UK_BoP_Table_A_sub1,2009Q2,-22212.0,GBP million
BOKI,상품무역(G),UK_BoP_Table_A_sub1,2009Q3,-22242.0,GBP million
BOKI,상품무역(G),UK_BoP_Table_A_sub1,2009Q4,-21657.0,GBP million
BOKI,상품무역(G),UK_BoP_Table_A_sub1,2010Q1,-22475.0,GBP million
BOKI,상품무역(G),UK_BoP_Table_A_sub1,2010Q2,-23555.0,GBP million
BOKI,상품무역(G),UK_BoP_Table_A_sub1,2010Q3,-26431.0,GBP million
BOKI,상품무역(G),UK_BoP_Table_A_sub1,2010Q4,-26760.0,GBP million
BOKI,상품무역(G),UK_BoP_Table_A_sub1,2011Q1,-20881.0,GBP million
BOKI,상품무역(G),UK_BoP_Table_A_sub1,2011Q2,-28317.0,GBP million
BOKI,상품무역(G),UK_BoP_Table_A_sub1,2011Q3,-29550.0,GBP million
BOKI,상품무역(G),UK_BoP_Table_A_sub1,2011Q4,-25305.0,GBP million
BOKI,상품무역(G),UK_BoP_Table_A_sub1,2012Q1,-24837.0,GBP million
BOKI,상품무역(G),UK_BoP_Table_A_sub1,2012Q2,-30807.0,GBP million
BOKI,상품무역(G),UK_BoP_Table_A_sub1,2012Q3,-28483.0,GBP million
BOKI,상품무역(G),UK_BoP_Table_A_sub1,2012Q4,-28051.0,GBP million
BOKI,상품무역(G),UK_BoP_Table_A_sub1,2013Q1,-27979.0,GBP million
BOKI,상품무역(G),UK_BoP_Table_A_sub1,2013Q2,-31820.0,GBP million
BOKI,상품무역(G),UK_BoP_Table_A_sub1,2013Q3,-29994.0,GBP million
BOKI,상품무역(G),UK_BoP_Table_A_sub1,2013Q4,-32780.0,GBP million
BOKI,상품무역(G),UK_BoP_Table_A_sub1,2014Q1,-29782.0,GBP million
BOKI,상품무역(G),UK_BoP_Table_A_sub1,2014Q2,-28558.0,GBP million
BOKI,상품무역(G),UK_BoP_Table_A_sub1,2014Q3,-32374.0,GBP million
BOKI,상품무역(G),UK_BoP_Table_A_sub1,2014Q4,-36957.0,GBP million
BOKI,상품무역(G),UK_BoP_Table_A_sub1,2015Q1,-34099.0,GBP million
BOKI,상품무역(G),UK_BoP_Table_A_sub1,2015Q2,-27131.0,GBP million
BOKI,상품무역(G),UK_BoP_Table_A_sub1,2015Q3,-29530.0,GBP million
BOKI,상품무역(G),UK_BoP_Table_A_sub1,2015Q4,-30641.0,GBP million
BOKI,상품무역(G),UK_BoP_Table_A_sub1,2016Q1,-31661.0,GBP million
BOKI,상품무역(G),UK_BoP_Table_A_sub1,2016Q2,-30858.0,GBP million
BOKI,상품무역(G),UK_BoP_Table_A_sub1,2016Q3,-38908.0,GBP million
BOKI,상품무역(G),UK_BoP_Table_A_sub1,2016Q4,-32271.0,GBP million
BOKI,상품무역(G),UK_BoP_Table_A_sub1,2017Q1,-32842.0,GBP million
BOKI,상품무역(G),UK_BoP_Table_A_sub1,2017Q2,-33602.0,GBP million
BOKI,상품무역(G),UK_BoP_Table_A_sub1,2017Q3,-35703.0,GBP million
BOKI,상품무역(G),UK_BoP_Table_A_sub1,2017Q4,-32779.0,GBP million
BOKI,상품무역(G),UK_BoP_Table_A_sub1,2018Q1,-32762.0,GBP million
BOKI,상품무역(G),UK_BoP_Table_A_sub1,2018Q2,-31570.0,GBP million
BOKI,상품무역(G),UK_BoP_Table_A_sub1,2018Q3,-32022.0,GBP million
BOKI,상품무역(G),UK_BoP_Table_A_sub1,2018Q4,-37225.0,GBP million
BOKI,상품무역(G),UK_BoP_Table_A_sub1,2019Q1,-50203.0,GBP million
BOKI,상품무역(G),UK_BoP_Table_A_sub1,2019Q2,-36313.0,GBP million
BOKI,상품무역(G),UK_BoP_Table_A_sub1,2019Q3,-31865.0,GBP million
BOKI,상품무역(G),UK_BoP_Table_A_sub1,2019Q4,-16710.0,GBP million
BOKI,상품무역(G),UK_BoP_Table_A_sub1,2020Q1,-28386.0,GBP million
BOKI,상품무역(G),UK_BoP_Table_A_sub1,2020Q2,-11364.0,GBP million
BOKI,상품무역(G),UK_BoP_Table_A_sub1,2020Q3,-31267.0,GBP million
BOKI,상품무역(G),UK_BoP_Table_A_sub1,2020Q4,-46650.0,GBP million
BOKI,상품무역(G),UK_BoP_Table_A_sub1,2021Q1,-39644.0,GBP million
BOKI,상품무역(G),UK_BoP_Table_A_sub1,2021Q2,-31590.0,GBP million
BOKI,상품무역(G),UK_BoP_Table_A_sub1,2021Q3,-43583.0,GBP million
BOKI,상품무역(G),UK_BoP_Table_A_sub1,2021Q4,-37031.0,GBP million
BOKI,상품무역(G),UK_BoP_Table_A_sub1,2022Q1,-62147.0,GBP million
BOKI,상품무역(G),UK_BoP_Table_A_sub1,2022Q2,-57624.0,GBP million
BOKI,상품무역(G),UK_BoP_Table_A_sub1,2022Q3,-39412.0,GBP million
BOKI,상품무역(G),UK_BoP_Table_A_sub1,2022Q4,-36213.0,GBP million
BOKI,상품무역(G),UK_BoP_Table_A_sub1,2023Q1,-49549.0,GBP million
BOKI,상품무역(G),UK_BoP_Table_A_sub1,2023Q2,-48900.0,GBP million
BOKI,상품무역(G),UK_BoP_Table_A_sub1,2023Q3,-44840.0,GBP million
BOKI,상품무역(G),UK_BoP_Table_A_sub1,2023Q4,-48847.0,GBP million
BOKI,상품무역(G),UK_BoP_Table_A_sub1,2024Q1,-44126.0,GBP million
BOKI,상품무역(G),UK_BoP_Table_A_sub1,2024Q2,-58111.0,GBP million
BOKI,상품무역(G),UK_BoP_Table_A_sub1,2024Q3,-45751.0,GBP million
BOKI,상품무역(G),UK_BoP_Table_A_sub1,2024Q4,-57034.0,GBP million
BOKI,상품무역(G),UK_BoP_Table_A_sub1,2025Q1,-55228.0,GBP million
BOKI,상품무역(G),UK_BoP_Table_A_sub1,2025Q2,-62834.0,GBP million
BOKI,상품무역(G),UK_BoP_Table_A_sub1,2025Q3,-59366.0,GBP million
BOKI,상품무역(G),UK_BoP_Table_A_sub1,2025Q4,-65496.0,GBP million
IKBD,서비스무역(S),UK_BoP_Table_A_sub1,2006Q1,11523.0,GBP million
IKBD,서비스무역(S),UK_BoP_Table_A_sub1,2006Q2,11850.0,GBP million
IKBD,서비스무역(S),UK_BoP_Table_A_sub1,2006Q3,15496.0,GBP million
IKBD,서비스무역(S),UK_BoP_Table_A_sub1,2006Q4,15449.0,GBP million
IKBD,서비스무역(S),UK_BoP_Table_A_sub1,2007Q1,14542.0,GBP million
IKBD,서비스무역(S),UK_BoP_Table_A_sub1,2007Q2,15590.0,GBP million
IKBD,서비스무역(S),UK_BoP_Table_A_sub1,2007Q3,16841.0,GBP million
IKBD,서비스무역(S),UK_BoP_Table_A_sub1,2007Q4,16426.0,GBP million
IKBD,서비스무역(S),UK_BoP_Table_A_sub1,2008Q1,14472.0,GBP million
IKBD,서비스무역(S),UK_BoP_Table_A_sub1,2008Q2,16850.0,GBP million
IKBD,서비스무역(S),UK_BoP_Table_A_sub1,2008Q3,17230.0,GBP million
IKBD,서비스무역(S),UK_BoP_Table_A_sub1,2008Q4,20438.0,GBP million
IKBD,서비스무역(S),UK_BoP_Table_A_sub1,2009Q1,18028.0,GBP million
IKBD,서비스무역(S),UK_BoP_Table_A_sub1,2009Q2,17613.0,GBP million
IKBD,서비스무역(S),UK_BoP_Table_A_sub1,2009Q3,16400.0,GBP million
IKBD,서비스무역(S),UK_BoP_Table_A_sub1,2009Q4,17605.0,GBP million
IKBD,서비스무역(S),UK_BoP_Table_A_sub1,2010Q1,17164.0,GBP million
IKBD,서비스무역(S),UK_BoP_Table_A_sub1,2010Q2,18314.0,GBP million
IKBD,서비스무역(S),UK_BoP_Table_A_sub1,2010Q3,18614.0,GBP million
IKBD,서비스무역(S),UK_BoP_Table_A_sub1,2010Q4,19947.0,GBP million
IKBD,서비스무역(S),UK_BoP_Table_A_sub1,2011Q1,21271.0,GBP million
IKBD,서비스무역(S),UK_BoP_Table_A_sub1,2011Q2,22810.0,GBP million
IKBD,서비스무역(S),UK_BoP_Table_A_sub1,2011Q3,24396.0,GBP million
IKBD,서비스무역(S),UK_BoP_Table_A_sub1,2011Q4,22313.0,GBP million
IKBD,서비스무역(S),UK_BoP_Table_A_sub1,2012Q1,24838.0,GBP million
IKBD,서비스무역(S),UK_BoP_Table_A_sub1,2012Q2,23038.0,GBP million
IKBD,서비스무역(S),UK_BoP_Table_A_sub1,2012Q3,24242.0,GBP million
IKBD,서비스무역(S),UK_BoP_Table_A_sub1,2012Q4,23363.0,GBP million
IKBD,서비스무역(S),UK_BoP_Table_A_sub1,2013Q1,25934.0,GBP million
IKBD,서비스무역(S),UK_BoP_Table_A_sub1,2013Q2,25274.0,GBP million
IKBD,서비스무역(S),UK_BoP_Table_A_sub1,2013Q3,24929.0,GBP million
IKBD,서비스무역(S),UK_BoP_Table_A_sub1,2013Q4,23101.0,GBP million
IKBD,서비스무역(S),UK_BoP_Table_A_sub1,2014Q1,23269.0,GBP million
IKBD,서비스무역(S),UK_BoP_Table_A_sub1,2014Q2,23483.0,GBP million
IKBD,서비스무역(S),UK_BoP_Table_A_sub1,2014Q3,24638.0,GBP million
IKBD,서비스무역(S),UK_BoP_Table_A_sub1,2014Q4,23336.0,GBP million
IKBD,서비스무역(S),UK_BoP_Table_A_sub1,2015Q1,24131.0,GBP million
IKBD,서비스무역(S),UK_BoP_Table_A_sub1,2015Q2,24450.0,GBP million
IKBD,서비스무역(S),UK_BoP_Table_A_sub1,2015Q3,22368.0,GBP million
IKBD,서비스무역(S),UK_BoP_Table_A_sub1,2015Q4,24098.0,GBP million
IKBD,서비스무역(S),UK_BoP_Table_A_sub1,2016Q1,24282.0,GBP million
IKBD,서비스무역(S),UK_BoP_Table_A_sub1,2016Q2,25375.0,GBP million
IKBD,서비스무역(S),UK_BoP_Table_A_sub1,2016Q3,22976.0,GBP million
IKBD,서비스무역(S),UK_BoP_Table_A_sub1,2016Q4,26655.0,GBP million
IKBD,서비스무역(S),UK_BoP_Table_A_sub1,2017Q1,26893.0,GBP million
IKBD,서비스무역(S),UK_BoP_Table_A_sub1,2017Q2,26085.0,GBP million
IKBD,서비스무역(S),UK_BoP_Table_A_sub1,2017Q3,29084.0,GBP million
IKBD,서비스무역(S),UK_BoP_Table_A_sub1,2017Q4,26811.0,GBP million
IKBD,서비스무역(S),UK_BoP_Table_A_sub1,2018Q1,26252.0,GBP million
IKBD,서비스무역(S),UK_BoP_Table_A_sub1,2018Q2,26773.0,GBP million
IKBD,서비스무역(S),UK_BoP_Table_A_sub1,2018Q3,27781.0,GBP million
IKBD,서비스무역(S),UK_BoP_Table_A_sub1,2018Q4,26699.0,GBP million
IKBD,서비스무역(S),UK_BoP_Table_A_sub1,2019Q1,24808.0,GBP million
IKBD,서비스무역(S),UK_BoP_Table_A_sub1,2019Q2,27045.0,GBP million
IKBD,서비스무역(S),UK_BoP_Table_A_sub1,2019Q3,28193.0,GBP million
IKBD,서비스무역(S),UK_BoP_Table_A_sub1,2019Q4,28058.0,GBP million
IKBD,서비스무역(S),UK_BoP_Table_A_sub1,2020Q1,30777.0,GBP million
IKBD,서비스무역(S),UK_BoP_Table_A_sub1,2020Q2,33753.0,GBP million
IKBD,서비스무역(S),UK_BoP_Table_A_sub1,2020Q3,33177.0,GBP million
IKBD,서비스무역(S),UK_BoP_Table_A_sub1,2020Q4,35628.0,GBP million
IKBD,서비스무역(S),UK_BoP_Table_A_sub1,2021Q1,39711.0,GBP million
IKBD,서비스무역(S),UK_BoP_Table_A_sub1,2021Q2,40841.0,GBP million
IKBD,서비스무역(S),UK_BoP_Table_A_sub1,2021Q3,34824.0,GBP million
IKBD,서비스무역(S),UK_BoP_Table_A_sub1,2021Q4,37411.0,GBP million
IKBD,서비스무역(S),UK_BoP_Table_A_sub1,2022Q1,36752.0,GBP million
IKBD,서비스무역(S),UK_BoP_Table_A_sub1,2022Q2,39154.0,GBP million
IKBD,서비스무역(S),UK_BoP_Table_A_sub1,2022Q3,44452.0,GBP million
IKBD,서비스무역(S),UK_BoP_Table_A_sub1,2022Q4,47291.0,GBP million
IKBD,서비스무역(S),UK_BoP_Table_A_sub1,2023Q1,45407.0,GBP million
IKBD,서비스무역(S),UK_BoP_Table_A_sub1,2023Q2,39877.0,GBP million
IKBD,서비스무역(S),UK_BoP_Table_A_sub1,2023Q3,38175.0,GBP million
IKBD,서비스무역(S),UK_BoP_Table_A_sub1,2023Q4,36536.0,GBP million
IKBD,서비스무역(S),UK_BoP_Table_A_sub1,2024Q1,39810.0,GBP million
IKBD,서비스무역(S),UK_BoP_Table_A_sub1,2024Q2,46981.0,GBP million
IKBD,서비스무역(S),UK_BoP_Table_A_sub1,2024Q3,47022.0,GBP million
IKBD,서비스무역(S),UK_BoP_Table_A_sub1,2024Q4,50195.0,GBP million
IKBD,서비스무역(S),UK_BoP_Table_A_sub1,2025Q1,45807.0,GBP million
IKBD,서비스무역(S),UK_BoP_Table_A_sub1,2025Q2,51845.0,GBP million
IKBD,서비스무역(S),UK_BoP_Table_A_sub1,2025Q3,53531.0,GBP million
IKBD,서비스무역(S),UK_BoP_Table_A_sub1,2025Q4,53335.0,GBP million
HBOJ,1차소득(PI),UK_BoP_Table_A_sub1,2006Q1,42.0,GBP million
HBOJ,1차소득(PI),UK_BoP_Table_A_sub1,2006Q2,-447.0,GBP million
HBOJ,1차소득(PI),UK_BoP_Table_A_sub1,2006Q3,-3608.0,GBP million
HBOJ,1차소득(PI),UK_BoP_Table_A_sub1,2006Q4,-1767.0,GBP million
HBOJ,1차소득(PI),UK_BoP_Table_A_sub1,2007Q1,-3328.0,GBP million
HBOJ,1차소득(PI),UK_BoP_Table_A_sub1,2007Q2,-2200.0,GBP million
HBOJ,1차소득(PI),UK_BoP_Table_A_sub1,2007Q3,-5673.0,GBP million
HBOJ,1차소득(PI),UK_BoP_Table_A_sub1,2007Q4,-2904.0,GBP million
HBOJ,1차소득(PI),UK_BoP_Table_A_sub1,2008Q1,-619.0,GBP million
HBOJ,1차소득(PI),UK_BoP_Table_A_sub1,2008Q2,-4763.0,GBP million
HBOJ,1차소득(PI),UK_BoP_Table_A_sub1,2008Q3,-4425.0,GBP million
HBOJ,1차소득(PI),UK_BoP_Table_A_sub1,2008Q4,-11224.0,GBP million
HBOJ,1차소득(PI),UK_BoP_Table_A_sub1,2009Q1,-6984.0,GBP million
HBOJ,1차소득(PI),UK_BoP_Table_A_sub1,2009Q2,-5818.0,GBP million
HBOJ,1차소득(PI),UK_BoP_Table_A_sub1,2009Q3,838.0,GBP million
HBOJ,1차소득(PI),UK_BoP_Table_A_sub1,2009Q4,-1048.0,GBP million
HBOJ,1차소득(PI),UK_BoP_Table_A_sub1,2010Q1,146.0,GBP million
HBOJ,1차소득(PI),UK_BoP_Table_A_sub1,2010Q2,446.0,GBP million
HBOJ,1차소득(PI),UK_BoP_Table_A_sub1,2010Q3,-528.0,GBP million
HBOJ,1차소득(PI),UK_BoP_Table_A_sub1,2010Q4,643.0,GBP million
HBOJ,1차소득(PI),UK_BoP_Table_A_sub1,2011Q1,1702.0,GBP million
HBOJ,1차소득(PI),UK_BoP_Table_A_sub1,2011Q2,4809.0,GBP million
HBOJ,1차소득(PI),UK_BoP_Table_A_sub1,2011Q3,-449.0,GBP million
HBOJ,1차소득(PI),UK_BoP_Table_A_sub1,2011Q4,879.0,GBP million
HBOJ,1차소득(PI),UK_BoP_Table_A_sub1,2012Q1,-2474.0,GBP million
HBOJ,1차소득(PI),UK_BoP_Table_A_sub1,2012Q2,-3662.0,GBP million
HBOJ,1차소득(PI),UK_BoP_Table_A_sub1,2012Q3,-3447.0,GBP million
HBOJ,1차소득(PI),UK_BoP_Table_A_sub1,2012Q4,-6377.0,GBP million
HBOJ,1차소득(PI),UK_BoP_Table_A_sub1,2013Q1,-10875.0,GBP million
HBOJ,1차소득(PI),UK_BoP_Table_A_sub1,2013Q2,-4636.0,GBP million
HBOJ,1차소득(PI),UK_BoP_Table_A_sub1,2013Q3,-8034.0,GBP million
HBOJ,1차소득(PI),UK_BoP_Table_A_sub1,2013Q4,-8024.0,GBP million
HBOJ,1차소득(PI),UK_BoP_Table_A_sub1,2014Q1,-5860.0,GBP million
HBOJ,1차소득(PI),UK_BoP_Table_A_sub1,2014Q2,-6871.0,GBP million
HBOJ,1차소득(PI),UK_BoP_Table_A_sub1,2014Q3,-9677.0,GBP million
HBOJ,1차소득(PI),UK_BoP_Table_A_sub1,2014Q4,-10864.0,GBP million
HBOJ,1차소득(PI),UK_BoP_Table_A_sub1,2015Q1,-10019.0,GBP million
HBOJ,1차소득(PI),UK_BoP_Table_A_sub1,2015Q2,-5592.0,GBP million
HBOJ,1차소득(PI),UK_BoP_Table_A_sub1,2015Q3,-8416.0,GBP million
HBOJ,1차소득(PI),UK_BoP_Table_A_sub1,2015Q4,-17742.0,GBP million
HBOJ,1차소득(PI),UK_BoP_Table_A_sub1,2016Q1,-14804.0,GBP million
HBOJ,1차소득(PI),UK_BoP_Table_A_sub1,2016Q2,-13991.0,GBP million
HBOJ,1차소득(PI),UK_BoP_Table_A_sub1,2016Q3,-10295.0,GBP million
HBOJ,1차소득(PI),UK_BoP_Table_A_sub1,2016Q4,-7643.0,GBP million
HBOJ,1차소득(PI),UK_BoP_Table_A_sub1,2017Q1,-4507.0,GBP million
HBOJ,1차소득(PI),UK_BoP_Table_A_sub1,2017Q2,-8163.0,GBP million
HBOJ,1차소득(PI),UK_BoP_Table_A_sub1,2017Q3,-4805.0,GBP million
HBOJ,1차소득(PI),UK_BoP_Table_A_sub1,2017Q4,-4928.0,GBP million
HBOJ,1차소득(PI),UK_BoP_Table_A_sub1,2018Q1,-8586.0,GBP million
HBOJ,1차소득(PI),UK_BoP_Table_A_sub1,2018Q2,-6302.0,GBP million
HBOJ,1차소득(PI),UK_BoP_Table_A_sub1,2018Q3,-7183.0,GBP million
HBOJ,1차소득(PI),UK_BoP_Table_A_sub1,2018Q4,-7183.0,GBP million
HBOJ,1차소득(PI),UK_BoP_Table_A_sub1,2019Q1,-571.0,GBP million
HBOJ,1차소득(PI),UK_BoP_Table_A_sub1,2019Q2,2647.0,GBP million
HBOJ,1차소득(PI),UK_BoP_Table_A_sub1,2019Q3,-2560.0,GBP million
HBOJ,1차소득(PI),UK_BoP_Table_A_sub1,2019Q4,-1775.0,GBP million
HBOJ,1차소득(PI),UK_BoP_Table_A_sub1,2020Q1,-8765.0,GBP million
HBOJ,1차소득(PI),UK_BoP_Table_A_sub1,2020Q2,-21654.0,GBP million
HBOJ,1차소득(PI),UK_BoP_Table_A_sub1,2020Q3,-6142.0,GBP million
HBOJ,1차소득(PI),UK_BoP_Table_A_sub1,2020Q4,-8405.0,GBP million
HBOJ,1차소득(PI),UK_BoP_Table_A_sub1,2021Q1,226.0,GBP million
HBOJ,1차소득(PI),UK_BoP_Table_A_sub1,2021Q2,-107.0,GBP million
HBOJ,1차소득(PI),UK_BoP_Table_A_sub1,2021Q3,-1525.0,GBP million
HBOJ,1차소득(PI),UK_BoP_Table_A_sub1,2021Q4,1542.0,GBP million
HBOJ,1차소득(PI),UK_BoP_Table_A_sub1,2022Q1,-5103.0,GBP million
HBOJ,1차소득(PI),UK_BoP_Table_A_sub1,2022Q2,8711.0,GBP million
HBOJ,1차소득(PI),UK_BoP_Table_A_sub1,2022Q3,-2355.0,GBP million
HBOJ,1차소득(PI),UK_BoP_Table_A_sub1,2022Q4,113.0,GBP million
HBOJ,1차소득(PI),UK_BoP_Table_A_sub1,2023Q1,-10291.0,GBP million
HBOJ,1차소득(PI),UK_BoP_Table_A_sub1,2023Q2,-20353.0,GBP million
HBOJ,1차소득(PI),UK_BoP_Table_A_sub1,2023Q3,-4029.0,GBP million
HBOJ,1차소득(PI),UK_BoP_Table_A_sub1,2023Q4,-11275.0,GBP million
HBOJ,1차소득(PI),UK_BoP_Table_A_sub1,2024Q1,-10622.0,GBP million
HBOJ,1차소득(PI),UK_BoP_Table_A_sub1,2024Q2,-8546.0,GBP million
HBOJ,1차소득(PI),UK_BoP_Table_A_sub1,2024Q3,-13024.0,GBP million
HBOJ,1차소득(PI),UK_BoP_Table_A_sub1,2024Q4,-15213.0,GBP million
HBOJ,1차소득(PI),UK_BoP_Table_A_sub1,2025Q1,-7216.0,GBP million
HBOJ,1차소득(PI),UK_BoP_Table_A_sub1,2025Q2,-8195.0,GBP million
HBOJ,1차소득(PI),UK_BoP_Table_A_sub1,2025Q3,-739.0,GBP million
HBOJ,1차소득(PI),UK_BoP_Table_A_sub1,2025Q4,-2674.0,GBP million
IKBP,2차소득(SI),UK_BoP_Table_A_sub1,2006Q1,-3219.0,GBP million
IKBP,2차소득(SI),UK_BoP_Table_A_sub1,2006Q2,-2740.0,GBP million
IKBP,2차소득(SI),UK_BoP_Table_A_sub1,2006Q3,-2774.0,GBP million
IKBP,2차소득(SI),UK_BoP_Table_A_sub1,2006Q4,-3594.0,GBP million
IKBP,2차소득(SI),UK_BoP_Table_A_sub1,2007Q1,-3043.0,GBP million
IKBP,2차소득(SI),UK_BoP_Table_A_sub1,2007Q2,-3058.0,GBP million
IKBP,2차소득(SI),UK_BoP_Table_A_sub1,2007Q3,-3126.0,GBP million
IKBP,2차소득(SI),UK_BoP_Table_A_sub1,2007Q4,-4280.0,GBP million
IKBP,2차소득(SI),UK_BoP_Table_A_sub1,2008Q1,-4019.0,GBP million
IKBP,2차소득(SI),UK_BoP_Table_A_sub1,2008Q2,-3656.0,GBP million
IKBP,2차소득(SI),UK_BoP_Table_A_sub1,2008Q3,-3542.0,GBP million
IKBP,2차소득(SI),UK_BoP_Table_A_sub1,2008Q4,-2417.0,GBP million
IKBP,2차소득(SI),UK_BoP_Table_A_sub1,2009Q1,-3750.0,GBP million
IKBP,2차소득(SI),UK_BoP_Table_A_sub1,2009Q2,-4411.0,GBP million
IKBP,2차소득(SI),UK_BoP_Table_A_sub1,2009Q3,-3798.0,GBP million
IKBP,2차소득(SI),UK_BoP_Table_A_sub1,2009Q4,-3323.0,GBP million
IKBP,2차소득(SI),UK_BoP_Table_A_sub1,2010Q1,-4556.0,GBP million
IKBP,2차소득(SI),UK_BoP_Table_A_sub1,2010Q2,-4305.0,GBP million
IKBP,2차소득(SI),UK_BoP_Table_A_sub1,2010Q3,-4923.0,GBP million
IKBP,2차소득(SI),UK_BoP_Table_A_sub1,2010Q4,-6246.0,GBP million
IKBP,2차소득(SI),UK_BoP_Table_A_sub1,2011Q1,-5394.0,GBP million
IKBP,2차소득(SI),UK_BoP_Table_A_sub1,2011Q2,-4470.0,GBP million
IKBP,2차소득(SI),UK_BoP_Table_A_sub1,2011Q3,-5652.0,GBP million
IKBP,2차소득(SI),UK_BoP_Table_A_sub1,2011Q4,-5392.0,GBP million
IKBP,2차소득(SI),UK_BoP_Table_A_sub1,2012Q1,-5188.0,GBP million
IKBP,2차소득(SI),UK_BoP_Table_A_sub1,2012Q2,-4768.0,GBP million
IKBP,2차소득(SI),UK_BoP_Table_A_sub1,2012Q3,-5192.0,GBP million
IKBP,2차소득(SI),UK_BoP_Table_A_sub1,2012Q4,-5852.0,GBP million
IKBP,2차소득(SI),UK_BoP_Table_A_sub1,2013Q1,-6406.0,GBP million
IKBP,2차소득(SI),UK_BoP_Table_A_sub1,2013Q2,-6475.0,GBP million
IKBP,2차소득(SI),UK_BoP_Table_A_sub1,2013Q3,-6834.0,GBP million
IKBP,2차소득(SI),UK_BoP_Table_A_sub1,2013Q4,-6148.0,GBP million
IKBP,2차소득(SI),UK_BoP_Table_A_sub1,2014Q1,-5827.0,GBP million
IKBP,2차소득(SI),UK_BoP_Table_A_sub1,2014Q2,-6310.0,GBP million
IKBP,2차소득(SI),UK_BoP_Table_A_sub1,2014Q3,-4660.0,GBP million
IKBP,2차소득(SI),UK_BoP_Table_A_sub1,2014Q4,-7284.0,GBP million
IKBP,2차소득(SI),UK_BoP_Table_A_sub1,2015Q1,-5789.0,GBP million
IKBP,2차소득(SI),UK_BoP_Table_A_sub1,2015Q2,-5948.0,GBP million
IKBP,2차소득(SI),UK_BoP_Table_A_sub1,2015Q3,-4835.0,GBP million
IKBP,2차소득(SI),UK_BoP_Table_A_sub1,2015Q4,-7511.0,GBP million
IKBP,2차소득(SI),UK_BoP_Table_A_sub1,2016Q1,-5787.0,GBP million
IKBP,2차소득(SI),UK_BoP_Table_A_sub1,2016Q2,-5685.0,GBP million
IKBP,2차소득(SI),UK_BoP_Table_A_sub1,2016Q3,-6480.0,GBP million
IKBP,2차소득(SI),UK_BoP_Table_A_sub1,2016Q4,-6056.0,GBP million
IKBP,2차소득(SI),UK_BoP_Table_A_sub1,2017Q1,-4989.0,GBP million
IKBP,2차소득(SI),UK_BoP_Table_A_sub1,2017Q2,-6972.0,GBP million
IKBP,2차소득(SI),UK_BoP_Table_A_sub1,2017Q3,-5789.0,GBP million
IKBP,2차소득(SI),UK_BoP_Table_A_sub1,2017Q4,-4669.0,GBP million
IKBP,2차소득(SI),UK_BoP_Table_A_sub1,2018Q1,-5853.0,GBP million
IKBP,2차소득(SI),UK_BoP_Table_A_sub1,2018Q2,-5735.0,GBP million
IKBP,2차소득(SI),UK_BoP_Table_A_sub1,2018Q3,-7386.0,GBP million
IKBP,2차소득(SI),UK_BoP_Table_A_sub1,2018Q4,-6540.0,GBP million
IKBP,2차소득(SI),UK_BoP_Table_A_sub1,2019Q1,-6990.0,GBP million
IKBP,2차소득(SI),UK_BoP_Table_A_sub1,2019Q2,-6435.0,GBP million
IKBP,2차소득(SI),UK_BoP_Table_A_sub1,2019Q3,-6640.0,GBP million
IKBP,2차소득(SI),UK_BoP_Table_A_sub1,2019Q4,-6551.0,GBP million
IKBP,2차소득(SI),UK_BoP_Table_A_sub1,2020Q1,-6231.0,GBP million
IKBP,2차소득(SI),UK_BoP_Table_A_sub1,2020Q2,-8959.0,GBP million
IKBP,2차소득(SI),UK_BoP_Table_A_sub1,2020Q3,-5103.0,GBP million
IKBP,2차소득(SI),UK_BoP_Table_A_sub1,2020Q4,-8209.0,GBP million
IKBP,2차소득(SI),UK_BoP_Table_A_sub1,2021Q1,-3648.0,GBP million
IKBP,2차소득(SI),UK_BoP_Table_A_sub1,2021Q2,-4136.0,GBP million
IKBP,2차소득(SI),UK_BoP_Table_A_sub1,2021Q3,-5277.0,GBP million
IKBP,2차소득(SI),UK_BoP_Table_A_sub1,2021Q4,-5574.0,GBP million
IKBP,2차소득(SI),UK_BoP_Table_A_sub1,2022Q1,-5982.0,GBP million
IKBP,2차소득(SI),UK_BoP_Table_A_sub1,2022Q2,-6035.0,GBP million
IKBP,2차소득(SI),UK_BoP_Table_A_sub1,2022Q3,-5116.0,GBP million
IKBP,2차소득(SI),UK_BoP_Table_A_sub1,2022Q4,-5933.0,GBP million
IKBP,2차소득(SI),UK_BoP_Table_A_sub1,2023Q1,-5358.0,GBP million
IKBP,2차소득(SI),UK_BoP_Table_A_sub1,2023Q2,-5306.0,GBP million
IKBP,2차소득(SI),UK_BoP_Table_A_sub1,2023Q3,-5045.0,GBP million
IKBP,2차소득(SI),UK_BoP_Table_A_sub1,2023Q4,-4459.0,GBP million
IKBP,2차소득(SI),UK_BoP_Table_A_sub1,2024Q1,-5906.0,GBP million
IKBP,2차소득(SI),UK_BoP_Table_A_sub1,2024Q2,-3656.0,GBP million
IKBP,2차소득(SI),UK_BoP_Table_A_sub1,2024Q3,-2141.0,GBP million
IKBP,2차소득(SI),UK_BoP_Table_A_sub1,2024Q4,-5544.0,GBP million
IKBP,2차소득(SI),UK_BoP_Table_A_sub1,2025Q1,-4773.0,GBP million
IKBP,2차소득(SI),UK_BoP_Table_A_sub1,2025Q2,-4030.0,GBP million
IKBP,2차소득(SI),UK_BoP_Table_A_sub1,2025Q3,-4115.0,GBP million
IKBP,2차소득(SI),UK_BoP_Table_A_sub1,2025Q4,-3557.0,GBP million
HBOP,경상수지 합계(CA),UK_BoP_Table_A_sub1,2006Q1,-12536.0,GBP million
HBOP,경상수지 합계(CA),UK_BoP_Table_A_sub1,2006Q2,-10272.0,GBP million
HBOP,경상수지 합계(CA),UK_BoP_Table_A_sub1,2006Q3,-12321.0,GBP million
HBOP,경상수지 합계(CA),UK_BoP_Table_A_sub1,2006Q4,-10752.0,GBP million
HBOP,경상수지 합계(CA),UK_BoP_Table_A_sub1,2007Q1,-15014.0,GBP million
HBOP,경상수지 합계(CA),UK_BoP_Table_A_sub1,2007Q2,-10775.0,GBP million
HBOP,경상수지 합계(CA),UK_BoP_Table_A_sub1,2007Q3,-17168.0,GBP million
HBOP,경상수지 합계(CA),UK_BoP_Table_A_sub1,2007Q4,-14656.0,GBP million
HBOP,경상수지 합계(CA),UK_BoP_Table_A_sub1,2008Q1,-14195.0,GBP million
HBOP,경상수지 합계(CA),UK_BoP_Table_A_sub1,2008Q2,-16647.0,GBP million
HBOP,경상수지 합계(CA),UK_BoP_Table_A_sub1,2008Q3,-14467.0,GBP million
HBOP,경상수지 합계(CA),UK_BoP_Table_A_sub1,2008Q4,-16236.0,GBP million
HBOP,경상수지 합계(CA),UK_BoP_Table_A_sub1,2009Q1,-15562.0,GBP million
HBOP,경상수지 합계(CA),UK_BoP_Table_A_sub1,2009Q2,-14828.0,GBP million
HBOP,경상수지 합계(CA),UK_BoP_Table_A_sub1,2009Q3,-8802.0,GBP million
HBOP,경상수지 합계(CA),UK_BoP_Table_A_sub1,2009Q4,-8423.0,GBP million
HBOP,경상수지 합계(CA),UK_BoP_Table_A_sub1,2010Q1,-9721.0,GBP million
HBOP,경상수지 합계(CA),UK_BoP_Table_A_sub1,2010Q2,-9100.0,GBP million
HBOP,경상수지 합계(CA),UK_BoP_Table_A_sub1,2010Q3,-13268.0,GBP million
HBOP,경상수지 합계(CA),UK_BoP_Table_A_sub1,2010Q4,-12416.0,GBP million
HBOP,경상수지 합계(CA),UK_BoP_Table_A_sub1,2011Q1,-3302.0,GBP million
HBOP,경상수지 합계(CA),UK_BoP_Table_A_sub1,2011Q2,-5168.0,GBP million
HBOP,경상수지 합계(CA),UK_BoP_Table_A_sub1,2011Q3,-11255.0,GBP million
HBOP,경상수지 합계(CA),UK_BoP_Table_A_sub1,2011Q4,-7505.0,GBP million
HBOP,경상수지 합계(CA),UK_BoP_Table_A_sub1,2012Q1,-7661.0,GBP million
HBOP,경상수지 합계(CA),UK_BoP_Table_A_sub1,2012Q2,-16199.0,GBP million
HBOP,경상수지 합계(CA),UK_BoP_Table_A_sub1,2012Q3,-12880.0,GBP million
HBOP,경상수지 합계(CA),UK_BoP_Table_A_sub1,2012Q4,-16917.0,GBP million
HBOP,경상수지 합계(CA),UK_BoP_Table_A_sub1,2013Q1,-19326.0,GBP million
HBOP,경상수지 합계(CA),UK_BoP_Table_A_sub1,2013Q2,-17657.0,GBP million
HBOP,경상수지 합계(CA),UK_BoP_Table_A_sub1,2013Q3,-19933.0,GBP million
HBOP,경상수지 합계(CA),UK_BoP_Table_A_sub1,2013Q4,-23851.0,GBP million
HBOP,경상수지 합계(CA),UK_BoP_Table_A_sub1,2014Q1,-18200.0,GBP million
HBOP,경상수지 합계(CA),UK_BoP_Table_A_sub1,2014Q2,-18256.0,GBP million
HBOP,경상수지 합계(CA),UK_BoP_Table_A_sub1,2014Q3,-22073.0,GBP million
HBOP,경상수지 합계(CA),UK_BoP_Table_A_sub1,2014Q4,-31769.0,GBP million
HBOP,경상수지 합계(CA),UK_BoP_Table_A_sub1,2015Q1,-25776.0,GBP million
HBOP,경상수지 합계(CA),UK_BoP_Table_A_sub1,2015Q2,-14221.0,GBP million
HBOP,경상수지 합계(CA),UK_BoP_Table_A_sub1,2015Q3,-20413.0,GBP million
HBOP,경상수지 합계(CA),UK_BoP_Table_A_sub1,2015Q4,-31796.0,GBP million
HBOP,경상수지 합계(CA),UK_BoP_Table_A_sub1,2016Q1,-27970.0,GBP million
HBOP,경상수지 합계(CA),UK_BoP_Table_A_sub1,2016Q2,-25159.0,GBP million
HBOP,경상수지 합계(CA),UK_BoP_Table_A_sub1,2016Q3,-32707.0,GBP million
HBOP,경상수지 합계(CA),UK_BoP_Table_A_sub1,2016Q4,-19315.0,GBP million
HBOP,경상수지 합계(CA),UK_BoP_Table_A_sub1,2017Q1,-15445.0,GBP million
HBOP,경상수지 합계(CA),UK_BoP_Table_A_sub1,2017Q2,-22652.0,GBP million
HBOP,경상수지 합계(CA),UK_BoP_Table_A_sub1,2017Q3,-17213.0,GBP million
HBOP,경상수지 합계(CA),UK_BoP_Table_A_sub1,2017Q4,-15565.0,GBP million
HBOP,경상수지 합계(CA),UK_BoP_Table_A_sub1,2018Q1,-20949.0,GBP million
HBOP,경상수지 합계(CA),UK_BoP_Table_A_sub1,2018Q2,-16834.0,GBP million
HBOP,경상수지 합계(CA),UK_BoP_Table_A_sub1,2018Q3,-18810.0,GBP million
HBOP,경상수지 합계(CA),UK_BoP_Table_A_sub1,2018Q4,-24249.0,GBP million
HBOP,경상수지 합계(CA),UK_BoP_Table_A_sub1,2019Q1,-32956.0,GBP million
HBOP,경상수지 합계(CA),UK_BoP_Table_A_sub1,2019Q2,-13056.0,GBP million
HBOP,경상수지 합계(CA),UK_BoP_Table_A_sub1,2019Q3,-12872.0,GBP million
HBOP,경상수지 합계(CA),UK_BoP_Table_A_sub1,2019Q4,3022.0,GBP million
HBOP,경상수지 합계(CA),UK_BoP_Table_A_sub1,2020Q1,-12605.0,GBP million
HBOP,경상수지 합계(CA),UK_BoP_Table_A_sub1,2020Q2,-8224.0,GBP million
HBOP,경상수지 합계(CA),UK_BoP_Table_A_sub1,2020Q3,-9335.0,GBP million
HBOP,경상수지 합계(CA),UK_BoP_Table_A_sub1,2020Q4,-27636.0,GBP million
HBOP,경상수지 합계(CA),UK_BoP_Table_A_sub1,2021Q1,-3355.0,GBP million
HBOP,경상수지 합계(CA),UK_BoP_Table_A_sub1,2021Q2,5008.0,GBP million
HBOP,경상수지 합계(CA),UK_BoP_Table_A_sub1,2021Q3,-15561.0,GBP million
HBOP,경상수지 합계(CA),UK_BoP_Table_A_sub1,2021Q4,-3652.0,GBP million
HBOP,경상수지 합계(CA),UK_BoP_Table_A_sub1,2022Q1,-36480.0,GBP million
HBOP,경상수지 합계(CA),UK_BoP_Table_A_sub1,2022Q2,-15794.0,GBP million
HBOP,경상수지 합계(CA),UK_BoP_Table_A_sub1,2022Q3,-2431.0,GBP million
HBOP,경상수지 합계(CA),UK_BoP_Table_A_sub1,2022Q4,5258.0,GBP million
HBOP,경상수지 합계(CA),UK_BoP_Table_A_sub1,2023Q1,-19791.0,GBP million
HBOP,경상수지 합계(CA),UK_BoP_Table_A_sub1,2023Q2,-34682.0,GBP million
HBOP,경상수지 합계(CA),UK_BoP_Table_A_sub1,2023Q3,-15739.0,GBP million
HBOP,경상수지 합계(CA),UK_BoP_Table_A_sub1,2023Q4,-28045.0,GBP million
HBOP,경상수지 합계(CA),UK_BoP_Table_A_sub1,2024Q1,-20844.0,GBP million
HBOP,경상수지 합계(CA),UK_BoP_Table_A_sub1,2024Q2,-23332.0,GBP million
HBOP,경상수지 합계(CA),UK_BoP_Table_A_sub1,2024Q3,-13894.0,GBP million
HBOP,경상수지 합계(CA),UK_BoP_Table_A_sub1,2024Q4,-27596.0,GBP million
HBOP,경상수지 합계(CA),UK_BoP_Table_A_sub1,2025Q1,-21410.0,GBP million
HBOP,경상수지 합계(CA),UK_BoP_Table_A_sub1,2025Q2,-23214.0,GBP million
HBOP,경상수지 합계(CA),UK_BoP_Table_A_sub1,2025Q3,-10689.0,GBP million
HBOP,경상수지 합계(CA),UK_BoP_Table_A_sub1,2025Q4,-18392.0,GBP million
-MU7M,직접투자(DI),UK_BoP_Table_A_sub3,2006Q1,-29119.0,GBP million
-MU7M,직접투자(DI),UK_BoP_Table_A_sub3,2006Q2,-26376.0,GBP million
-MU7M,직접투자(DI),UK_BoP_Table_A_sub3,2006Q3,-11348.0,GBP million
-MU7M,직접투자(DI),UK_BoP_Table_A_sub3,2006Q4,30825.0,GBP million
-MU7M,직접투자(DI),UK_BoP_Table_A_sub3,2007Q1,-678.0,GBP million
-MU7M,직접투자(DI),UK_BoP_Table_A_sub3,2007Q2,24834.0,GBP million
-MU7M,직접투자(DI),UK_BoP_Table_A_sub3,2007Q3,11926.0,GBP million
-MU7M,직접투자(DI),UK_BoP_Table_A_sub3,2007Q4,43405.0,GBP million
-MU7M,직접투자(DI),UK_BoP_Table_A_sub3,2008Q1,-8003.0,GBP million
-MU7M,직접투자(DI),UK_BoP_Table_A_sub3,2008Q2,19401.0,GBP million
-MU7M,직접투자(DI),UK_BoP_Table_A_sub3,2008Q3,24564.0,GBP million
-MU7M,직접투자(DI),UK_BoP_Table_A_sub3,2008Q4,21713.0,GBP million
-MU7M,직접투자(DI),UK_BoP_Table_A_sub3,2009Q1,-1119.0,GBP million
-MU7M,직접투자(DI),UK_BoP_Table_A_sub3,2009Q2,-7441.0,GBP million
-MU7M,직접투자(DI),UK_BoP_Table_A_sub3,2009Q3,-17728.0,GBP million
-MU7M,직접투자(DI),UK_BoP_Table_A_sub3,2009Q4,-12705.0,GBP million
-MU7M,직접투자(DI),UK_BoP_Table_A_sub3,2010Q1,-13213.0,GBP million
-MU7M,직접투자(DI),UK_BoP_Table_A_sub3,2010Q2,25295.0,GBP million
-MU7M,직접투자(DI),UK_BoP_Table_A_sub3,2010Q3,-6753.0,GBP million
-MU7M,직접투자(DI),UK_BoP_Table_A_sub3,2010Q4,-11871.0,GBP million
-MU7M,직접투자(DI),UK_BoP_Table_A_sub3,2011Q1,18964.0,GBP million
-MU7M,직접투자(DI),UK_BoP_Table_A_sub3,2011Q2,13094.0,GBP million
-MU7M,직접투자(DI),UK_BoP_Table_A_sub3,2011Q3,6028.0,GBP million
-MU7M,직접투자(DI),UK_BoP_Table_A_sub3,2011Q4,-4765.0,GBP million
-MU7M,직접투자(DI),UK_BoP_Table_A_sub3,2012Q1,-8921.0,GBP million
-MU7M,직접투자(DI),UK_BoP_Table_A_sub3,2012Q2,-1363.0,GBP million
-MU7M,직접투자(DI),UK_BoP_Table_A_sub3,2012Q3,-1647.0,GBP million
-MU7M,직접투자(DI),UK_BoP_Table_A_sub3,2012Q4,-10065.0,GBP million
-MU7M,직접투자(DI),UK_BoP_Table_A_sub3,2013Q1,6356.0,GBP million
-MU7M,직접투자(DI),UK_BoP_Table_A_sub3,2013Q2,-39087.0,GBP million
-MU7M,직접투자(DI),UK_BoP_Table_A_sub3,2013Q3,-9084.0,GBP million
-MU7M,직접투자(DI),UK_BoP_Table_A_sub3,2013Q4,34657.0,GBP million
-MU7M,직접투자(DI),UK_BoP_Table_A_sub3,2014Q1,-139683.0,GBP million
-MU7M,직접투자(DI),UK_BoP_Table_A_sub3,2014Q2,23696.0,GBP million
-MU7M,직접투자(DI),UK_BoP_Table_A_sub3,2014Q3,42439.0,GBP million
-MU7M,직접투자(DI),UK_BoP_Table_A_sub3,2014Q4,-33398.0,GBP million
-MU7M,직접투자(DI),UK_BoP_Table_A_sub3,2015Q1,-55251.0,GBP million
-MU7M,직접투자(DI),UK_BoP_Table_A_sub3,2015Q2,-4053.0,GBP million
-MU7M,직접투자(DI),UK_BoP_Table_A_sub3,2015Q3,-4451.0,GBP million
-MU7M,직접투자(DI),UK_BoP_Table_A_sub3,2015Q4,-5632.0,GBP million
-MU7M,직접투자(DI),UK_BoP_Table_A_sub3,2016Q1,-66758.0,GBP million
-MU7M,직접투자(DI),UK_BoP_Table_A_sub3,2016Q2,-23374.0,GBP million
-MU7M,직접투자(DI),UK_BoP_Table_A_sub3,2016Q3,-31246.0,GBP million
-MU7M,직접투자(DI),UK_BoP_Table_A_sub3,2016Q4,-98074.0,GBP million
-MU7M,직접투자(DI),UK_BoP_Table_A_sub3,2017Q1,-3644.0,GBP million
-MU7M,직접투자(DI),UK_BoP_Table_A_sub3,2017Q2,9875.0,GBP million
-MU7M,직접투자(DI),UK_BoP_Table_A_sub3,2017Q3,34371.0,GBP million
-MU7M,직접투자(DI),UK_BoP_Table_A_sub3,2017Q4,-4846.0,GBP million
-MU7M,직접투자(DI),UK_BoP_Table_A_sub3,2018Q1,-8355.0,GBP million
-MU7M,직접투자(DI),UK_BoP_Table_A_sub3,2018Q2,22692.0,GBP million
-MU7M,직접투자(DI),UK_BoP_Table_A_sub3,2018Q3,17947.0,GBP million
-MU7M,직접투자(DI),UK_BoP_Table_A_sub3,2018Q4,-35939.0,GBP million
-MU7M,직접투자(DI),UK_BoP_Table_A_sub3,2019Q1,16790.0,GBP million
-MU7M,직접투자(DI),UK_BoP_Table_A_sub3,2019Q2,-21234.0,GBP million
-MU7M,직접투자(DI),UK_BoP_Table_A_sub3,2019Q3,-17931.0,GBP million
-MU7M,직접투자(DI),UK_BoP_Table_A_sub3,2019Q4,-10687.0,GBP million
-MU7M,직접투자(DI),UK_BoP_Table_A_sub3,2020Q1,-47115.0,GBP million
-MU7M,직접투자(DI),UK_BoP_Table_A_sub3,2020Q2,-21145.0,GBP million
-MU7M,직접투자(DI),UK_BoP_Table_A_sub3,2020Q3,657.0,GBP million
-MU7M,직접투자(DI),UK_BoP_Table_A_sub3,2020Q4,-41811.0,GBP million
-MU7M,직접투자(DI),UK_BoP_Table_A_sub3,2021Q1,-5780.0,GBP million
-MU7M,직접투자(DI),UK_BoP_Table_A_sub3,2021Q2,-15193.0,GBP million
-MU7M,직접투자(DI),UK_BoP_Table_A_sub3,2021Q3,35272.0,GBP million
-MU7M,직접투자(DI),UK_BoP_Table_A_sub3,2021Q4,8526.0,GBP million
-MU7M,직접투자(DI),UK_BoP_Table_A_sub3,2022Q1,13804.0,GBP million
-MU7M,직접투자(DI),UK_BoP_Table_A_sub3,2022Q2,-261.0,GBP million
-MU7M,직접투자(DI),UK_BoP_Table_A_sub3,2022Q3,-3038.0,GBP million
-MU7M,직접투자(DI),UK_BoP_Table_A_sub3,2022Q4,30904.0,GBP million
-MU7M,직접투자(DI),UK_BoP_Table_A_sub3,2023Q1,-21858.0,GBP million
-MU7M,직접투자(DI),UK_BoP_Table_A_sub3,2023Q2,10158.0,GBP million
-MU7M,직접투자(DI),UK_BoP_Table_A_sub3,2023Q3,30860.0,GBP million
-MU7M,직접투자(DI),UK_BoP_Table_A_sub3,2023Q4,-7106.0,GBP million
-MU7M,직접투자(DI),UK_BoP_Table_A_sub3,2024Q1,6136.0,GBP million
-MU7M,직접투자(DI),UK_BoP_Table_A_sub3,2024Q2,-8416.0,GBP million
-MU7M,직접투자(DI),UK_BoP_Table_A_sub3,2024Q3,-24008.0,GBP million
-MU7M,직접투자(DI),UK_BoP_Table_A_sub3,2024Q4,-19873.0,GBP million
-MU7M,직접투자(DI),UK_BoP_Table_A_sub3,2025Q1,-4432.0,GBP million
-MU7M,직접투자(DI),UK_BoP_Table_A_sub3,2025Q2,-6499.0,GBP million
-MU7M,직접투자(DI),UK_BoP_Table_A_sub3,2025Q3,19762.0,GBP million
-MU7M,직접투자(DI),UK_BoP_Table_A_sub3,2025Q4,-1576.0,GBP million
-HHZD,증권투자(PI_FA),UK_BoP_Table_A_sub3,2006Q1,26952.0,GBP million
-HHZD,증권투자(PI_FA),UK_BoP_Table_A_sub3,2006Q2,56547.0,GBP million
-HHZD,증권투자(PI_FA),UK_BoP_Table_A_sub3,2006Q3,-46117.0,GBP million
-HHZD,증권투자(PI_FA),UK_BoP_Table_A_sub3,2006Q4,27403.0,GBP million
-HHZD,증권투자(PI_FA),UK_BoP_Table_A_sub3,2007Q1,29280.0,GBP million
-HHZD,증권투자(PI_FA),UK_BoP_Table_A_sub3,2007Q2,-14214.0,GBP million
-HHZD,증권투자(PI_FA),UK_BoP_Table_A_sub3,2007Q3,-42516.0,GBP million
-HHZD,증권투자(PI_FA),UK_BoP_Table_A_sub3,2007Q4,-64888.0,GBP million
-HHZD,증권투자(PI_FA),UK_BoP_Table_A_sub3,2008Q1,-97402.0,GBP million
-HHZD,증권투자(PI_FA),UK_BoP_Table_A_sub3,2008Q2,-90342.0,GBP million
-HHZD,증권투자(PI_FA),UK_BoP_Table_A_sub3,2008Q3,-53823.0,GBP million
-HHZD,증권투자(PI_FA),UK_BoP_Table_A_sub3,2008Q4,-193204.0,GBP million
-HHZD,증권투자(PI_FA),UK_BoP_Table_A_sub3,2009Q1,-12605.0,GBP million
-HHZD,증권투자(PI_FA),UK_BoP_Table_A_sub3,2009Q2,-33067.0,GBP million
-HHZD,증권투자(PI_FA),UK_BoP_Table_A_sub3,2009Q3,-31386.0,GBP million
-HHZD,증권투자(PI_FA),UK_BoP_Table_A_sub3,2009Q4,-23687.0,GBP million
-HHZD,증권투자(PI_FA),UK_BoP_Table_A_sub3,2010Q1,-97499.0,GBP million
-HHZD,증권투자(PI_FA),UK_BoP_Table_A_sub3,2010Q2,-4151.0,GBP million
-HHZD,증권투자(PI_FA),UK_BoP_Table_A_sub3,2010Q3,32920.0,GBP million
-HHZD,증권투자(PI_FA),UK_BoP_Table_A_sub3,2010Q4,8951.0,GBP million
-HHZD,증권투자(PI_FA),UK_BoP_Table_A_sub3,2011Q1,-58411.0,GBP million
-HHZD,증권투자(PI_FA),UK_BoP_Table_A_sub3,2011Q2,10761.0,GBP million
-HHZD,증권투자(PI_FA),UK_BoP_Table_A_sub3,2011Q3,-82361.0,GBP million
-HHZD,증권투자(PI_FA),UK_BoP_Table_A_sub3,2011Q4,-27204.0,GBP million
-HHZD,증권투자(PI_FA),UK_BoP_Table_A_sub3,2012Q1,56317.0,GBP million
-HHZD,증권투자(PI_FA),UK_BoP_Table_A_sub3,2012Q2,-16487.0,GBP million
-HHZD,증권투자(PI_FA),UK_BoP_Table_A_sub3,2012Q3,128918.0,GBP million
-HHZD,증권투자(PI_FA),UK_BoP_Table_A_sub3,2012Q4,13167.0,GBP million
-HHZD,증권투자(PI_FA),UK_BoP_Table_A_sub3,2013Q1,-26700.0,GBP million
-HHZD,증권투자(PI_FA),UK_BoP_Table_A_sub3,2013Q2,-44304.0,GBP million
-HHZD,증권투자(PI_FA),UK_BoP_Table_A_sub3,2013Q3,-24998.0,GBP million
-HHZD,증권투자(PI_FA),UK_BoP_Table_A_sub3,2013Q4,-53785.0,GBP million
-HHZD,증권투자(PI_FA),UK_BoP_Table_A_sub3,2014Q1,71133.0,GBP million
-HHZD,증권투자(PI_FA),UK_BoP_Table_A_sub3,2014Q2,-3051.0,GBP million
-HHZD,증권투자(PI_FA),UK_BoP_Table_A_sub3,2014Q3,-34227.0,GBP million
-HHZD,증권투자(PI_FA),UK_BoP_Table_A_sub3,2014Q4,-23107.0,GBP million
-HHZD,증권투자(PI_FA),UK_BoP_Table_A_sub3,2015Q1,8224.0,GBP million
-HHZD,증권투자(PI_FA),UK_BoP_Table_A_sub3,2015Q2,-103226.0,GBP million
-HHZD,증권투자(PI_FA),UK_BoP_Table_A_sub3,2015Q3,-34181.0,GBP million
-HHZD,증권투자(PI_FA),UK_BoP_Table_A_sub3,2015Q4,3174.0,GBP million
-HHZD,증권투자(PI_FA),UK_BoP_Table_A_sub3,2016Q1,3864.0,GBP million
-HHZD,증권투자(PI_FA),UK_BoP_Table_A_sub3,2016Q2,-87304.0,GBP million
-HHZD,증권투자(PI_FA),UK_BoP_Table_A_sub3,2016Q3,-61207.0,GBP million
-HHZD,증권투자(PI_FA),UK_BoP_Table_A_sub3,2016Q4,32203.0,GBP million
-HHZD,증권투자(PI_FA),UK_BoP_Table_A_sub3,2017Q1,11371.0,GBP million
-HHZD,증권투자(PI_FA),UK_BoP_Table_A_sub3,2017Q2,12934.0,GBP million
-HHZD,증권투자(PI_FA),UK_BoP_Table_A_sub3,2017Q3,-44219.0,GBP million
-HHZD,증권투자(PI_FA),UK_BoP_Table_A_sub3,2017Q4,-51824.0,GBP million
-HHZD,증권투자(PI_FA),UK_BoP_Table_A_sub3,2018Q1,-54280.0,GBP million
-HHZD,증권투자(PI_FA),UK_BoP_Table_A_sub3,2018Q2,-104963.0,GBP million
-HHZD,증권투자(PI_FA),UK_BoP_Table_A_sub3,2018Q3,-52391.0,GBP million
-HHZD,증권투자(PI_FA),UK_BoP_Table_A_sub3,2018Q4,-56190.0,GBP million
-HHZD,증권투자(PI_FA),UK_BoP_Table_A_sub3,2019Q1,83286.0,GBP million
-HHZD,증권투자(PI_FA),UK_BoP_Table_A_sub3,2019Q2,24130.0,GBP million
-HHZD,증권투자(PI_FA),UK_BoP_Table_A_sub3,2019Q3,-61870.0,GBP million
-HHZD,증권투자(PI_FA),UK_BoP_Table_A_sub3,2019Q4,-16697.0,GBP million
-HHZD,증권투자(PI_FA),UK_BoP_Table_A_sub3,2020Q1,-62089.0,GBP million
-HHZD,증권투자(PI_FA),UK_BoP_Table_A_sub3,2020Q2,43517.0,GBP million
-HHZD,증권투자(PI_FA),UK_BoP_Table_A_sub3,2020Q3,8421.0,GBP million
-HHZD,증권투자(PI_FA),UK_BoP_Table_A_sub3,2020Q4,40484.0,GBP million
-HHZD,증권투자(PI_FA),UK_BoP_Table_A_sub3,2021Q1,-51837.0,GBP million
-HHZD,증권투자(PI_FA),UK_BoP_Table_A_sub3,2021Q2,-4111.0,GBP million
-HHZD,증권투자(PI_FA),UK_BoP_Table_A_sub3,2021Q3,-52760.0,GBP million
-HHZD,증권투자(PI_FA),UK_BoP_Table_A_sub3,2021Q4,-83569.0,GBP million
-HHZD,증권투자(PI_FA),UK_BoP_Table_A_sub3,2022Q1,-41066.0,GBP million
-HHZD,증권투자(PI_FA),UK_BoP_Table_A_sub3,2022Q2,-18915.0,GBP million
-HHZD,증권투자(PI_FA),UK_BoP_Table_A_sub3,2022Q3,-22457.0,GBP million
-HHZD,증권투자(PI_FA),UK_BoP_Table_A_sub3,2022Q4,46480.0,GBP million
-HHZD,증권투자(PI_FA),UK_BoP_Table_A_sub3,2023Q1,73978.0,GBP million
-HHZD,증권투자(PI_FA),UK_BoP_Table_A_sub3,2023Q2,80127.0,GBP million
-HHZD,증권투자(PI_FA),UK_BoP_Table_A_sub3,2023Q3,-32124.0,GBP million
-HHZD,증권투자(PI_FA),UK_BoP_Table_A_sub3,2023Q4,58710.0,GBP million
-HHZD,증권투자(PI_FA),UK_BoP_Table_A_sub3,2024Q1,43823.0,GBP million
-HHZD,증권투자(PI_FA),UK_BoP_Table_A_sub3,2024Q2,-5886.0,GBP million
-HHZD,증권투자(PI_FA),UK_BoP_Table_A_sub3,2024Q3,43229.0,GBP million
-HHZD,증권투자(PI_FA),UK_BoP_Table_A_sub3,2024Q4,-115137.0,GBP million
-HHZD,증권투자(PI_FA),UK_BoP_Table_A_sub3,2025Q1,38265.0,GBP million
-HHZD,증권투자(PI_FA),UK_BoP_Table_A_sub3,2025Q2,-6143.0,GBP million
-HHZD,증권투자(PI_FA),UK_BoP_Table_A_sub3,2025Q3,-7666.0,GBP million
-HHZD,증권투자(PI_FA),UK_BoP_Table_A_sub3,2025Q4,-61488.0,GBP million
-ZPNN,파생금융상품(FD),UK_BoP_Table_A_sub3,2006Q1,2532.0,GBP million
-ZPNN,파생금융상품(FD),UK_BoP_Table_A_sub3,2006Q2,8443.0,GBP million
-ZPNN,파생금융상품(FD),UK_BoP_Table_A_sub3,2006Q3,-6038.0,GBP million
-ZPNN,파생금융상품(FD),UK_BoP_Table_A_sub3,2006Q4,-25763.0,GBP million
-ZPNN,파생금융상품(FD),UK_BoP_Table_A_sub3,2007Q1,-1365.0,GBP million
-ZPNN,파생금융상품(FD),UK_BoP_Table_A_sub3,2007Q2,19522.0,GBP million
-ZPNN,파생금융상품(FD),UK_BoP_Table_A_sub3,2007Q3,7608.0,GBP million
-ZPNN,파생금융상품(FD),UK_BoP_Table_A_sub3,2007Q4,2028.0,GBP million
-ZPNN,파생금융상품(FD),UK_BoP_Table_A_sub3,2008Q1,64442.0,GBP million
-ZPNN,파생금융상품(FD),UK_BoP_Table_A_sub3,2008Q2,18285.0,GBP million
-ZPNN,파생금융상품(FD),UK_BoP_Table_A_sub3,2008Q3,-14141.0,GBP million
-ZPNN,파생금융상품(FD),UK_BoP_Table_A_sub3,2008Q4,57743.0,GBP million
-ZPNN,파생금융상품(FD),UK_BoP_Table_A_sub3,2009Q1,9545.0,GBP million
-ZPNN,파생금융상품(FD),UK_BoP_Table_A_sub3,2009Q2,-7376.0,GBP million
-ZPNN,파생금융상품(FD),UK_BoP_Table_A_sub3,2009Q3,-10393.0,GBP million
-ZPNN,파생금융상품(FD),UK_BoP_Table_A_sub3,2009Q4,-23720.0,GBP million
-ZPNN,파생금융상품(FD),UK_BoP_Table_A_sub3,2010Q1,-24042.0,GBP million
-ZPNN,파생금융상품(FD),UK_BoP_Table_A_sub3,2010Q2,-14995.0,GBP million
-ZPNN,파생금융상품(FD),UK_BoP_Table_A_sub3,2010Q3,-8577.0,GBP million
-ZPNN,파생금융상품(FD),UK_BoP_Table_A_sub3,2010Q4,-3205.0,GBP million
-ZPNN,파생금융상품(FD),UK_BoP_Table_A_sub3,2011Q1,44652.0,GBP million
-ZPNN,파생금융상품(FD),UK_BoP_Table_A_sub3,2011Q2,944.0,GBP million
-ZPNN,파생금융상품(FD),UK_BoP_Table_A_sub3,2011Q3,-15197.0,GBP million
-ZPNN,파생금융상품(FD),UK_BoP_Table_A_sub3,2011Q4,-22859.0,GBP million
-ZPNN,파생금융상품(FD),UK_BoP_Table_A_sub3,2012Q1,-24979.0,GBP million
-ZPNN,파생금융상품(FD),UK_BoP_Table_A_sub3,2012Q2,-19653.0,GBP million
-ZPNN,파생금융상품(FD),UK_BoP_Table_A_sub3,2012Q3,4789.0,GBP million
-ZPNN,파생금융상품(FD),UK_BoP_Table_A_sub3,2012Q4,2271.0,GBP million
-ZPNN,파생금융상품(FD),UK_BoP_Table_A_sub3,2013Q1,39669.0,GBP million
-ZPNN,파생금융상품(FD),UK_BoP_Table_A_sub3,2013Q2,61224.0,GBP million
-ZPNN,파생금융상품(FD),UK_BoP_Table_A_sub3,2013Q3,-72732.0,GBP million
-ZPNN,파생금융상품(FD),UK_BoP_Table_A_sub3,2013Q4,11358.0,GBP million
-ZPNN,파생금융상품(FD),UK_BoP_Table_A_sub3,2014Q1,27643.0,GBP million
-ZPNN,파생금융상품(FD),UK_BoP_Table_A_sub3,2014Q2,-13607.0,GBP million
-ZPNN,파생금융상품(FD),UK_BoP_Table_A_sub3,2014Q3,-27769.0,GBP million
-ZPNN,파생금융상품(FD),UK_BoP_Table_A_sub3,2014Q4,27697.0,GBP million
-ZPNN,파생금융상품(FD),UK_BoP_Table_A_sub3,2015Q1,-100913.0,GBP million
-ZPNN,파생금융상품(FD),UK_BoP_Table_A_sub3,2015Q2,9578.0,GBP million
-ZPNN,파생금융상품(FD),UK_BoP_Table_A_sub3,2015Q3,6415.0,GBP million
-ZPNN,파생금융상품(FD),UK_BoP_Table_A_sub3,2015Q4,-2253.0,GBP million
-ZPNN,파생금융상품(FD),UK_BoP_Table_A_sub3,2016Q1,23188.0,GBP million
-ZPNN,파생금융상품(FD),UK_BoP_Table_A_sub3,2016Q2,-19512.0,GBP million
-ZPNN,파생금융상품(FD),UK_BoP_Table_A_sub3,2016Q3,13062.0,GBP million
-ZPNN,파생금융상품(FD),UK_BoP_Table_A_sub3,2016Q4,-5224.0,GBP million
-ZPNN,파생금융상품(FD),UK_BoP_Table_A_sub3,2017Q1,9802.0,GBP million
-ZPNN,파생금융상품(FD),UK_BoP_Table_A_sub3,2017Q2,6759.0,GBP million
-ZPNN,파생금융상품(FD),UK_BoP_Table_A_sub3,2017Q3,6518.0,GBP million
-ZPNN,파생금융상품(FD),UK_BoP_Table_A_sub3,2017Q4,-8073.0,GBP million
-ZPNN,파생금융상품(FD),UK_BoP_Table_A_sub3,2018Q1,20634.0,GBP million
-ZPNN,파생금융상품(FD),UK_BoP_Table_A_sub3,2018Q2,-11435.0,GBP million
-ZPNN,파생금융상품(FD),UK_BoP_Table_A_sub3,2018Q3,14092.0,GBP million
-ZPNN,파생금융상품(FD),UK_BoP_Table_A_sub3,2018Q4,-15552.0,GBP million
-ZPNN,파생금융상품(FD),UK_BoP_Table_A_sub3,2019Q1,-5037.0,GBP million
-ZPNN,파생금융상품(FD),UK_BoP_Table_A_sub3,2019Q2,-5464.0,GBP million
-ZPNN,파생금융상품(FD),UK_BoP_Table_A_sub3,2019Q3,22101.0,GBP million
-ZPNN,파생금융상품(FD),UK_BoP_Table_A_sub3,2019Q4,-9663.0,GBP million
-ZPNN,파생금융상품(FD),UK_BoP_Table_A_sub3,2020Q1,9051.0,GBP million
-ZPNN,파생금융상품(FD),UK_BoP_Table_A_sub3,2020Q2,4711.0,GBP million
-ZPNN,파생금융상품(FD),UK_BoP_Table_A_sub3,2020Q3,13439.0,GBP million
-ZPNN,파생금융상품(FD),UK_BoP_Table_A_sub3,2020Q4,-1383.0,GBP million
-ZPNN,파생금융상품(FD),UK_BoP_Table_A_sub3,2021Q1,-368.0,GBP million
-ZPNN,파생금융상품(FD),UK_BoP_Table_A_sub3,2021Q2,-18195.0,GBP million
-ZPNN,파생금융상품(FD),UK_BoP_Table_A_sub3,2021Q3,-2647.0,GBP million
-ZPNN,파생금융상품(FD),UK_BoP_Table_A_sub3,2021Q4,-6013.0,GBP million
-ZPNN,파생금융상품(FD),UK_BoP_Table_A_sub3,2022Q1,4948.0,GBP million
-ZPNN,파생금융상품(FD),UK_BoP_Table_A_sub3,2022Q2,-9690.0,GBP million
-ZPNN,파생금융상품(FD),UK_BoP_Table_A_sub3,2022Q3,-22333.0,GBP million
-ZPNN,파생금융상품(FD),UK_BoP_Table_A_sub3,2022Q4,-21303.0,GBP million
-ZPNN,파생금융상품(FD),UK_BoP_Table_A_sub3,2023Q1,14029.0,GBP million
-ZPNN,파생금융상품(FD),UK_BoP_Table_A_sub3,2023Q2,26943.0,GBP million
-ZPNN,파생금융상품(FD),UK_BoP_Table_A_sub3,2023Q3,-25349.0,GBP million
-ZPNN,파생금융상품(FD),UK_BoP_Table_A_sub3,2023Q4,-14603.0,GBP million
-ZPNN,파생금융상품(FD),UK_BoP_Table_A_sub3,2024Q1,-11042.0,GBP million
-ZPNN,파생금융상품(FD),UK_BoP_Table_A_sub3,2024Q2,13098.0,GBP million
-ZPNN,파생금융상품(FD),UK_BoP_Table_A_sub3,2024Q3,-9784.0,GBP million
-ZPNN,파생금융상품(FD),UK_BoP_Table_A_sub3,2024Q4,-2858.0,GBP million
-ZPNN,파생금융상품(FD),UK_BoP_Table_A_sub3,2025Q1,-5304.0,GBP million
-ZPNN,파생금융상품(FD),UK_BoP_Table_A_sub3,2025Q2,-3099.0,GBP million
-ZPNN,파생금융상품(FD),UK_BoP_Table_A_sub3,2025Q3,-171.0,GBP million
-ZPNN,파생금융상품(FD),UK_BoP_Table_A_sub3,2025Q4,-1253.0,GBP million
-HHYR,기타투자(OI),UK_BoP_Table_A_sub3,2006Q1,-7906.0,GBP million
-HHYR,기타투자(OI),UK_BoP_Table_A_sub3,2006Q2,-66192.0,GBP million
-HHYR,기타투자(OI),UK_BoP_Table_A_sub3,2006Q3,52400.0,GBP million
-HHYR,기타투자(OI),UK_BoP_Table_A_sub3,2006Q4,-48740.0,GBP million
-HHYR,기타투자(OI),UK_BoP_Table_A_sub3,2007Q1,-37949.0,GBP million
-HHYR,기타투자(OI),UK_BoP_Table_A_sub3,2007Q2,-36644.0,GBP million
-HHYR,기타투자(OI),UK_BoP_Table_A_sub3,2007Q3,-488.0,GBP million
-HHYR,기타투자(OI),UK_BoP_Table_A_sub3,2007Q4,-11423.0,GBP million
-HHYR,기타투자(OI),UK_BoP_Table_A_sub3,2008Q1,23740.0,GBP million
-HHYR,기타투자(OI),UK_BoP_Table_A_sub3,2008Q2,42505.0,GBP million
-HHYR,기타투자(OI),UK_BoP_Table_A_sub3,2008Q3,34550.0,GBP million
-HHYR,기타투자(OI),UK_BoP_Table_A_sub3,2008Q4,81433.0,GBP million
-HHYR,기타투자(OI),UK_BoP_Table_A_sub3,2009Q1,-3956.0,GBP million
-HHYR,기타투자(OI),UK_BoP_Table_A_sub3,2009Q2,39847.0,GBP million
-HHYR,기타투자(OI),UK_BoP_Table_A_sub3,2009Q3,29619.0,GBP million
-HHYR,기타투자(OI),UK_BoP_Table_A_sub3,2009Q4,56222.0,GBP million
-HHYR,기타투자(OI),UK_BoP_Table_A_sub3,2010Q1,110705.0,GBP million
-HHYR,기타투자(OI),UK_BoP_Table_A_sub3,2010Q2,-2650.0,GBP million
-HHYR,기타투자(OI),UK_BoP_Table_A_sub3,2010Q3,-35470.0,GBP million
-HHYR,기타투자(OI),UK_BoP_Table_A_sub3,2010Q4,-21751.0,GBP million
-HHYR,기타투자(OI),UK_BoP_Table_A_sub3,2011Q1,27.0,GBP million
-HHYR,기타투자(OI),UK_BoP_Table_A_sub3,2011Q2,-42782.0,GBP million
-HHYR,기타투자(OI),UK_BoP_Table_A_sub3,2011Q3,86464.0,GBP million
-HHYR,기타투자(OI),UK_BoP_Table_A_sub3,2011Q4,35699.0,GBP million
-HHYR,기타투자(OI),UK_BoP_Table_A_sub3,2012Q1,-31553.0,GBP million
-HHYR,기타투자(OI),UK_BoP_Table_A_sub3,2012Q2,35003.0,GBP million
-HHYR,기타투자(OI),UK_BoP_Table_A_sub3,2012Q3,-156109.0,GBP million
-HHYR,기타투자(OI),UK_BoP_Table_A_sub3,2012Q4,-21698.0,GBP million
-HHYR,기타투자(OI),UK_BoP_Table_A_sub3,2013Q1,-33053.0,GBP million
-HHYR,기타투자(OI),UK_BoP_Table_A_sub3,2013Q2,19262.0,GBP million
-HHYR,기타투자(OI),UK_BoP_Table_A_sub3,2013Q3,67759.0,GBP million
-HHYR,기타투자(OI),UK_BoP_Table_A_sub3,2013Q4,-10311.0,GBP million
-HHYR,기타투자(OI),UK_BoP_Table_A_sub3,2014Q1,5686.0,GBP million
-HHYR,기타투자(OI),UK_BoP_Table_A_sub3,2014Q2,-11774.0,GBP million
-HHYR,기타투자(OI),UK_BoP_Table_A_sub3,2014Q3,5443.0,GBP million
-HHYR,기타투자(OI),UK_BoP_Table_A_sub3,2014Q4,-11722.0,GBP million
-HHYR,기타투자(OI),UK_BoP_Table_A_sub3,2015Q1,120642.0,GBP million
-HHYR,기타투자(OI),UK_BoP_Table_A_sub3,2015Q2,71257.0,GBP million
-HHYR,기타투자(OI),UK_BoP_Table_A_sub3,2015Q3,-8709.0,GBP million
-HHYR,기타투자(OI),UK_BoP_Table_A_sub3,2015Q4,-26540.0,GBP million
-HHYR,기타투자(OI),UK_BoP_Table_A_sub3,2016Q1,13658.0,GBP million
-HHYR,기타투자(OI),UK_BoP_Table_A_sub3,2016Q2,118457.0,GBP million
-HHYR,기타투자(OI),UK_BoP_Table_A_sub3,2016Q3,24733.0,GBP million
-HHYR,기타투자(OI),UK_BoP_Table_A_sub3,2016Q4,44753.0,GBP million
-HHYR,기타투자(OI),UK_BoP_Table_A_sub3,2017Q1,-50164.0,GBP million
-HHYR,기타투자(OI),UK_BoP_Table_A_sub3,2017Q2,-43812.0,GBP million
-HHYR,기타투자(OI),UK_BoP_Table_A_sub3,2017Q3,-23113.0,GBP million
-HHYR,기타투자(OI),UK_BoP_Table_A_sub3,2017Q4,52096.0,GBP million
-HHYR,기타투자(OI),UK_BoP_Table_A_sub3,2018Q1,29594.0,GBP million
-HHYR,기타투자(OI),UK_BoP_Table_A_sub3,2018Q2,60249.0,GBP million
-HHYR,기타투자(OI),UK_BoP_Table_A_sub3,2018Q3,4638.0,GBP million
-HHYR,기타투자(OI),UK_BoP_Table_A_sub3,2018Q4,57774.0,GBP million
-HHYR,기타투자(OI),UK_BoP_Table_A_sub3,2019Q1,-120517.0,GBP million
-HHYR,기타투자(OI),UK_BoP_Table_A_sub3,2019Q2,-15228.0,GBP million
-HHYR,기타투자(OI),UK_BoP_Table_A_sub3,2019Q3,42096.0,GBP million
-HHYR,기타투자(OI),UK_BoP_Table_A_sub3,2019Q4,25220.0,GBP million
-HHYR,기타투자(OI),UK_BoP_Table_A_sub3,2020Q1,86075.0,GBP million
-HHYR,기타투자(OI),UK_BoP_Table_A_sub3,2020Q2,-28159.0,GBP million
-HHYR,기타투자(OI),UK_BoP_Table_A_sub3,2020Q3,-28690.0,GBP million
-HHYR,기타투자(OI),UK_BoP_Table_A_sub3,2020Q4,-43577.0,GBP million
-HHYR,기타투자(OI),UK_BoP_Table_A_sub3,2021Q1,51988.0,GBP million
-HHYR,기타투자(OI),UK_BoP_Table_A_sub3,2021Q2,39677.0,GBP million
-HHYR,기타투자(OI),UK_BoP_Table_A_sub3,2021Q3,-18257.0,GBP million
-HHYR,기타투자(OI),UK_BoP_Table_A_sub3,2021Q4,71518.0,GBP million
-HHYR,기타투자(OI),UK_BoP_Table_A_sub3,2022Q1,-13934.0,GBP million
-HHYR,기타투자(OI),UK_BoP_Table_A_sub3,2022Q2,10580.0,GBP million
-HHYR,기타투자(OI),UK_BoP_Table_A_sub3,2022Q3,40814.0,GBP million
-HHYR,기타투자(OI),UK_BoP_Table_A_sub3,2022Q4,-53669.0,GBP million
-HHYR,기타투자(OI),UK_BoP_Table_A_sub3,2023Q1,-83689.0,GBP million
-HHYR,기타투자(OI),UK_BoP_Table_A_sub3,2023Q2,-145696.0,GBP million
-HHYR,기타투자(OI),UK_BoP_Table_A_sub3,2023Q3,12811.0,GBP million
-HHYR,기타투자(OI),UK_BoP_Table_A_sub3,2023Q4,-58675.0,GBP million
-HHYR,기타투자(OI),UK_BoP_Table_A_sub3,2024Q1,-42689.0,GBP million
-HHYR,기타투자(OI),UK_BoP_Table_A_sub3,2024Q2,-28443.0,GBP million
-HHYR,기타투자(OI),UK_BoP_Table_A_sub3,2024Q3,-36382.0,GBP million
-HHYR,기타투자(OI),UK_BoP_Table_A_sub3,2024Q4,106496.0,GBP million
-HHYR,기타투자(OI),UK_BoP_Table_A_sub3,2025Q1,-50372.0,GBP million
-HHYR,기타투자(OI),UK_BoP_Table_A_sub3,2025Q2,-19348.0,GBP million
-HHYR,기타투자(OI),UK_BoP_Table_A_sub3,2025Q3,-41227.0,GBP million
-HHYR,기타투자(OI),UK_BoP_Table_A_sub3,2025Q4,54439.0,GBP million
-LTCV,준비자산(RA),UK_BoP_Table_A_sub3,2006Q1,-465.0,GBP million
-LTCV,준비자산(RA),UK_BoP_Table_A_sub3,2006Q2,-210.0,GBP million
-LTCV,준비자산(RA),UK_BoP_Table_A_sub3,2006Q3,385.0,GBP million
-LTCV,준비자산(RA),UK_BoP_Table_A_sub3,2006Q4,-136.0,GBP million
-LTCV,준비자산(RA),UK_BoP_Table_A_sub3,2007Q1,-824.0,GBP million
-LTCV,준비자산(RA),UK_BoP_Table_A_sub3,2007Q2,67.0,GBP million
-LTCV,준비자산(RA),UK_BoP_Table_A_sub3,2007Q3,-558.0,GBP million
-LTCV,준비자산(RA),UK_BoP_Table_A_sub3,2007Q4,2506.0,GBP million
-LTCV,준비자산(RA),UK_BoP_Table_A_sub3,2008Q1,-931.0,GBP million
-LTCV,준비자산(RA),UK_BoP_Table_A_sub3,2008Q2,108.0,GBP million
-LTCV,준비자산(RA),UK_BoP_Table_A_sub3,2008Q3,-2132.0,GBP million
-LTCV,준비자산(RA),UK_BoP_Table_A_sub3,2008Q4,1617.0,GBP million
-LTCV,준비자산(RA),UK_BoP_Table_A_sub3,2009Q1,-1877.0,GBP million
-LTCV,준비자산(RA),UK_BoP_Table_A_sub3,2009Q2,1304.0,GBP million
-LTCV,준비자산(RA),UK_BoP_Table_A_sub3,2009Q3,6787.0,GBP million
-LTCV,준비자산(RA),UK_BoP_Table_A_sub3,2009Q4,-451.0,GBP million
-LTCV,준비자산(RA),UK_BoP_Table_A_sub3,2010Q1,1323.0,GBP million
-LTCV,준비자산(RA),UK_BoP_Table_A_sub3,2010Q2,2862.0,GBP million
-LTCV,준비자산(RA),UK_BoP_Table_A_sub3,2010Q3,676.0,GBP million
-LTCV,준비자산(RA),UK_BoP_Table_A_sub3,2010Q4,1209.0,GBP million
-LTCV,준비자산(RA),UK_BoP_Table_A_sub3,2011Q1,2300.0,GBP million
-LTCV,준비자산(RA),UK_BoP_Table_A_sub3,2011Q2,2450.0,GBP million
-LTCV,준비자산(RA),UK_BoP_Table_A_sub3,2011Q3,-959.0,GBP million
-LTCV,준비자산(RA),UK_BoP_Table_A_sub3,2011Q4,1157.0,GBP million
-LTCV,준비자산(RA),UK_BoP_Table_A_sub3,2012Q1,612.0,GBP million
-LTCV,준비자산(RA),UK_BoP_Table_A_sub3,2012Q2,2730.0,GBP million
-LTCV,준비자산(RA),UK_BoP_Table_A_sub3,2012Q3,2493.0,GBP million
-LTCV,준비자산(RA),UK_BoP_Table_A_sub3,2012Q4,1807.0,GBP million
-LTCV,준비자산(RA),UK_BoP_Table_A_sub3,2013Q1,2828.0,GBP million
-LTCV,준비자산(RA),UK_BoP_Table_A_sub3,2013Q2,874.0,GBP million
-LTCV,준비자산(RA),UK_BoP_Table_A_sub3,2013Q3,766.0,GBP million
-LTCV,준비자산(RA),UK_BoP_Table_A_sub3,2013Q4,493.0,GBP million
-LTCV,준비자산(RA),UK_BoP_Table_A_sub3,2014Q1,2709.0,GBP million
-LTCV,준비자산(RA),UK_BoP_Table_A_sub3,2014Q2,825.0,GBP million
-LTCV,준비자산(RA),UK_BoP_Table_A_sub3,2014Q3,-665.0,GBP million
-LTCV,준비자산(RA),UK_BoP_Table_A_sub3,2014Q4,4244.0,GBP million
-LTCV,준비자산(RA),UK_BoP_Table_A_sub3,2015Q1,12638.0,GBP million
-LTCV,준비자산(RA),UK_BoP_Table_A_sub3,2015Q2,1101.0,GBP million
-LTCV,준비자산(RA),UK_BoP_Table_A_sub3,2015Q3,5260.0,GBP million
-LTCV,준비자산(RA),UK_BoP_Table_A_sub3,2015Q4,2080.0,GBP million
-LTCV,준비자산(RA),UK_BoP_Table_A_sub3,2016Q1,2328.0,GBP million
-LTCV,준비자산(RA),UK_BoP_Table_A_sub3,2016Q2,2791.0,GBP million
-LTCV,준비자산(RA),UK_BoP_Table_A_sub3,2016Q3,2596.0,GBP million
-LTCV,준비자산(RA),UK_BoP_Table_A_sub3,2016Q4,-1204.0,GBP million
-LTCV,준비자산(RA),UK_BoP_Table_A_sub3,2017Q1,4054.0,GBP million
-LTCV,준비자산(RA),UK_BoP_Table_A_sub3,2017Q2,1760.0,GBP million
-LTCV,준비자산(RA),UK_BoP_Table_A_sub3,2017Q3,15.0,GBP million
-LTCV,준비자산(RA),UK_BoP_Table_A_sub3,2017Q4,970.0,GBP million
-LTCV,준비자산(RA),UK_BoP_Table_A_sub3,2018Q1,3488.0,GBP million
-LTCV,준비자산(RA),UK_BoP_Table_A_sub3,2018Q2,2017.0,GBP million
-LTCV,준비자산(RA),UK_BoP_Table_A_sub3,2018Q3,-28.0,GBP million
-LTCV,준비자산(RA),UK_BoP_Table_A_sub3,2018Q4,13089.0,GBP million
-LTCV,준비자산(RA),UK_BoP_Table_A_sub3,2019Q1,-6270.0,GBP million
-LTCV,준비자산(RA),UK_BoP_Table_A_sub3,2019Q2,-4616.0,GBP million
-LTCV,준비자산(RA),UK_BoP_Table_A_sub3,2019Q3,-247.0,GBP million
-LTCV,준비자산(RA),UK_BoP_Table_A_sub3,2019Q4,10261.0,GBP million
-LTCV,준비자산(RA),UK_BoP_Table_A_sub3,2020Q1,-3259.0,GBP million
-LTCV,준비자산(RA),UK_BoP_Table_A_sub3,2020Q2,502.0,GBP million
-LTCV,준비자산(RA),UK_BoP_Table_A_sub3,2020Q3,-5817.0,GBP million
-LTCV,준비자산(RA),UK_BoP_Table_A_sub3,2020Q4,5992.0,GBP million
-LTCV,준비자산(RA),UK_BoP_Table_A_sub3,2021Q1,-1580.0,GBP million
-LTCV,준비자산(RA),UK_BoP_Table_A_sub3,2021Q2,-2930.0,GBP million
-LTCV,준비자산(RA),UK_BoP_Table_A_sub3,2021Q3,20555.0,GBP million
-LTCV,준비자산(RA),UK_BoP_Table_A_sub3,2021Q4,1656.0,GBP million
-LTCV,준비자산(RA),UK_BoP_Table_A_sub3,2022Q1,769.0,GBP million
-LTCV,준비자산(RA),UK_BoP_Table_A_sub3,2022Q2,-4761.0,GBP million
-LTCV,준비자산(RA),UK_BoP_Table_A_sub3,2022Q3,-5038.0,GBP million
-LTCV,준비자산(RA),UK_BoP_Table_A_sub3,2022Q4,7955.0,GBP million
-LTCV,준비자산(RA),UK_BoP_Table_A_sub3,2023Q1,-5888.0,GBP million
-LTCV,준비자산(RA),UK_BoP_Table_A_sub3,2023Q2,2341.0,GBP million
-LTCV,준비자산(RA),UK_BoP_Table_A_sub3,2023Q3,284.0,GBP million
-LTCV,준비자산(RA),UK_BoP_Table_A_sub3,2023Q4,-447.0,GBP million
-LTCV,준비자산(RA),UK_BoP_Table_A_sub3,2024Q1,-584.0,GBP million
-LTCV,준비자산(RA),UK_BoP_Table_A_sub3,2024Q2,-1985.0,GBP million
-LTCV,준비자산(RA),UK_BoP_Table_A_sub3,2024Q3,-798.0,GBP million
-LTCV,준비자산(RA),UK_BoP_Table_A_sub3,2024Q4,1056.0,GBP million
-LTCV,준비자산(RA),UK_BoP_Table_A_sub3,2025Q1,607.0,GBP million
-LTCV,준비자산(RA),UK_BoP_Table_A_sub3,2025Q2,4555.0,GBP million
-LTCV,준비자산(RA),UK_BoP_Table_A_sub3,2025Q3,4080.0,GBP million
-LTCV,준비자산(RA),UK_BoP_Table_A_sub3,2025Q4,507.0,GBP million
-HBNT,금융계정 합계(FA),UK_BoP_Table_A_sub3,2006Q1,-8006.0,GBP million
-HBNT,금융계정 합계(FA),UK_BoP_Table_A_sub3,2006Q2,-27788.0,GBP million
-HBNT,금융계정 합계(FA),UK_BoP_Table_A_sub3,2006Q3,-10718.0,GBP million
-HBNT,금융계정 합계(FA),UK_BoP_Table_A_sub3,2006Q4,-16411.0,GBP million
-HBNT,금융계정 합계(FA),UK_BoP_Table_A_sub3,2007Q1,-11536.0,GBP million
-HBNT,금융계정 합계(FA),UK_BoP_Table_A_sub3,2007Q2,-6435.0,GBP million
-HBNT,금융계정 합계(FA),UK_BoP_Table_A_sub3,2007Q3,-24028.0,GBP million
-HBNT,금융계정 합계(FA),UK_BoP_Table_A_sub3,2007Q4,-28372.0,GBP million
-HBNT,금융계정 합계(FA),UK_BoP_Table_A_sub3,2008Q1,-18154.0,GBP million
-HBNT,금융계정 합계(FA),UK_BoP_Table_A_sub3,2008Q2,-10043.0,GBP million
-HBNT,금융계정 합계(FA),UK_BoP_Table_A_sub3,2008Q3,-10982.0,GBP million
-HBNT,금융계정 합계(FA),UK_BoP_Table_A_sub3,2008Q4,-30698.0,GBP million
-HBNT,금융계정 합계(FA),UK_BoP_Table_A_sub3,2009Q1,-10012.0,GBP million
-HBNT,금융계정 합계(FA),UK_BoP_Table_A_sub3,2009Q2,-6733.0,GBP million
-HBNT,금융계정 합계(FA),UK_BoP_Table_A_sub3,2009Q3,-23101.0,GBP million
-HBNT,금융계정 합계(FA),UK_BoP_Table_A_sub3,2009Q4,-4341.0,GBP million
-HBNT,금융계정 합계(FA),UK_BoP_Table_A_sub3,2010Q1,-22726.0,GBP million
-HBNT,금융계정 합계(FA),UK_BoP_Table_A_sub3,2010Q2,6361.0,GBP million
-HBNT,금융계정 합계(FA),UK_BoP_Table_A_sub3,2010Q3,-17204.0,GBP million
-HBNT,금융계정 합계(FA),UK_BoP_Table_A_sub3,2010Q4,-26667.0,GBP million
-HBNT,금융계정 합계(FA),UK_BoP_Table_A_sub3,2011Q1,7532.0,GBP million
-HBNT,금융계정 합계(FA),UK_BoP_Table_A_sub3,2011Q2,-15533.0,GBP million
-HBNT,금융계정 합계(FA),UK_BoP_Table_A_sub3,2011Q3,-6025.0,GBP million
-HBNT,금융계정 합계(FA),UK_BoP_Table_A_sub3,2011Q4,-17972.0,GBP million
-HBNT,금융계정 합계(FA),UK_BoP_Table_A_sub3,2012Q1,-8524.0,GBP million
-HBNT,금융계정 합계(FA),UK_BoP_Table_A_sub3,2012Q2,230.0,GBP million
-HBNT,금융계정 합계(FA),UK_BoP_Table_A_sub3,2012Q3,-21556.0,GBP million
-HBNT,금융계정 합계(FA),UK_BoP_Table_A_sub3,2012Q4,-14518.0,GBP million
-HBNT,금융계정 합계(FA),UK_BoP_Table_A_sub3,2013Q1,-10900.0,GBP million
-HBNT,금융계정 합계(FA),UK_BoP_Table_A_sub3,2013Q2,-2031.0,GBP million
-HBNT,금융계정 합계(FA),UK_BoP_Table_A_sub3,2013Q3,-38289.0,GBP million
-HBNT,금융계정 합계(FA),UK_BoP_Table_A_sub3,2013Q4,-17588.0,GBP million
-HBNT,금융계정 합계(FA),UK_BoP_Table_A_sub3,2014Q1,-32512.0,GBP million
-HBNT,금융계정 합계(FA),UK_BoP_Table_A_sub3,2014Q2,-3911.0,GBP million
-HBNT,금융계정 합계(FA),UK_BoP_Table_A_sub3,2014Q3,-14779.0,GBP million
-HBNT,금융계정 합계(FA),UK_BoP_Table_A_sub3,2014Q4,-36286.0,GBP million
-HBNT,금융계정 합계(FA),UK_BoP_Table_A_sub3,2015Q1,-14660.0,GBP million
-HBNT,금융계정 합계(FA),UK_BoP_Table_A_sub3,2015Q2,-25343.0,GBP million
-HBNT,금융계정 합계(FA),UK_BoP_Table_A_sub3,2015Q3,-35666.0,GBP million
-HBNT,금융계정 합계(FA),UK_BoP_Table_A_sub3,2015Q4,-29171.0,GBP million
-HBNT,금융계정 합계(FA),UK_BoP_Table_A_sub3,2016Q1,-23720.0,GBP million
-HBNT,금융계정 합계(FA),UK_BoP_Table_A_sub3,2016Q2,-8942.0,GBP million
-HBNT,금융계정 합계(FA),UK_BoP_Table_A_sub3,2016Q3,-52062.0,GBP million
-HBNT,금융계정 합계(FA),UK_BoP_Table_A_sub3,2016Q4,-27546.0,GBP million
-HBNT,금융계정 합계(FA),UK_BoP_Table_A_sub3,2017Q1,-28581.0,GBP million
-HBNT,금융계정 합계(FA),UK_BoP_Table_A_sub3,2017Q2,-12484.0,GBP million
-HBNT,금융계정 합계(FA),UK_BoP_Table_A_sub3,2017Q3,-26428.0,GBP million
-HBNT,금융계정 합계(FA),UK_BoP_Table_A_sub3,2017Q4,-11677.0,GBP million
-HBNT,금융계정 합계(FA),UK_BoP_Table_A_sub3,2018Q1,-8919.0,GBP million
-HBNT,금융계정 합계(FA),UK_BoP_Table_A_sub3,2018Q2,-31440.0,GBP million
-HBNT,금융계정 합계(FA),UK_BoP_Table_A_sub3,2018Q3,-15742.0,GBP million
-HBNT,금융계정 합계(FA),UK_BoP_Table_A_sub3,2018Q4,-36818.0,GBP million
-HBNT,금융계정 합계(FA),UK_BoP_Table_A_sub3,2019Q1,-31748.0,GBP million
-HBNT,금융계정 합계(FA),UK_BoP_Table_A_sub3,2019Q2,-22412.0,GBP million
-HBNT,금융계정 합계(FA),UK_BoP_Table_A_sub3,2019Q3,-15851.0,GBP million
-HBNT,금융계정 합계(FA),UK_BoP_Table_A_sub3,2019Q4,-1566.0,GBP million
-HBNT,금융계정 합계(FA),UK_BoP_Table_A_sub3,2020Q1,-17337.0,GBP million
-HBNT,금융계정 합계(FA),UK_BoP_Table_A_sub3,2020Q2,-574.0,GBP million
-HBNT,금융계정 합계(FA),UK_BoP_Table_A_sub3,2020Q3,-11990.0,GBP million
-HBNT,금융계정 합계(FA),UK_BoP_Table_A_sub3,2020Q4,-40295.0,GBP million
-HBNT,금융계정 합계(FA),UK_BoP_Table_A_sub3,2021Q1,-7577.0,GBP million
-HBNT,금융계정 합계(FA),UK_BoP_Table_A_sub3,2021Q2,-752.0,GBP million
-HBNT,금융계정 합계(FA),UK_BoP_Table_A_sub3,2021Q3,-17837.0,GBP million
-HBNT,금융계정 합계(FA),UK_BoP_Table_A_sub3,2021Q4,-7882.0,GBP million
-HBNT,금융계정 합계(FA),UK_BoP_Table_A_sub3,2022Q1,-35479.0,GBP million
-HBNT,금융계정 합계(FA),UK_BoP_Table_A_sub3,2022Q2,-23047.0,GBP million
-HBNT,금융계정 합계(FA),UK_BoP_Table_A_sub3,2022Q3,-12052.0,GBP million
-HBNT,금융계정 합계(FA),UK_BoP_Table_A_sub3,2022Q4,10367.0,GBP million
-HBNT,금융계정 합계(FA),UK_BoP_Table_A_sub3,2023Q1,-23428.0,GBP million
-HBNT,금융계정 합계(FA),UK_BoP_Table_A_sub3,2023Q2,-26127.0,GBP million
-HBNT,금융계정 합계(FA),UK_BoP_Table_A_sub3,2023Q3,-13518.0,GBP million
-HBNT,금융계정 합계(FA),UK_BoP_Table_A_sub3,2023Q4,-22121.0,GBP million
-HBNT,금융계정 합계(FA),UK_BoP_Table_A_sub3,2024Q1,-4356.0,GBP million
-HBNT,금융계정 합계(FA),UK_BoP_Table_A_sub3,2024Q2,-31632.0,GBP million
-HBNT,금융계정 합계(FA),UK_BoP_Table_A_sub3,2024Q3,-27743.0,GBP million
-HBNT,금융계정 합계(FA),UK_BoP_Table_A_sub3,2024Q4,-30316.0,GBP million
-HBNT,금융계정 합계(FA),UK_BoP_Table_A_sub3,2025Q1,-21236.0,GBP million
-HBNT,금융계정 합계(FA),UK_BoP_Table_A_sub3,2025Q2,-30534.0,GBP million
-HBNT,금융계정 합계(FA),UK_BoP_Table_A_sub3,2025Q3,-25222.0,GBP million
-HBNT,금융계정 합계(FA),UK_BoP_Table_A_sub3,2025Q4,-9371.0,GBP million
FNVQ,자본수지(KA),UK_BoP_Table_A_sub1,2006Q1,176.0,GBP million
FNVQ,자본수지(KA),UK_BoP_Table_A_sub1,2006Q2,-1587.0,GBP million
FNVQ,자본수지(KA),UK_BoP_Table_A_sub1,2006Q3,-92.0,GBP million
FNVQ,자본수지(KA),UK_BoP_Table_A_sub1,2006Q4,-24.0,GBP million
FNVQ,자본수지(KA),UK_BoP_Table_A_sub1,2007Q1,-164.0,GBP million
FNVQ,자본수지(KA),UK_BoP_Table_A_sub1,2007Q2,-611.0,GBP million
FNVQ,자본수지(KA),UK_BoP_Table_A_sub1,2007Q3,28.0,GBP million
FNVQ,자본수지(KA),UK_BoP_Table_A_sub1,2007Q4,497.0,GBP million
FNVQ,자본수지(KA),UK_BoP_Table_A_sub1,2008Q1,260.0,GBP million
FNVQ,자본수지(KA),UK_BoP_Table_A_sub1,2008Q2,-32.0,GBP million
FNVQ,자본수지(KA),UK_BoP_Table_A_sub1,2008Q3,-82.0,GBP million
FNVQ,자본수지(KA),UK_BoP_Table_A_sub1,2008Q4,-75.0,GBP million
FNVQ,자본수지(KA),UK_BoP_Table_A_sub1,2009Q1,106.0,GBP million
FNVQ,자본수지(KA),UK_BoP_Table_A_sub1,2009Q2,-153.0,GBP million
FNVQ,자본수지(KA),UK_BoP_Table_A_sub1,2009Q3,114.0,GBP million
FNVQ,자본수지(KA),UK_BoP_Table_A_sub1,2009Q4,-8.0,GBP million
FNVQ,자본수지(KA),UK_BoP_Table_A_sub1,2010Q1,289.0,GBP million
FNVQ,자본수지(KA),UK_BoP_Table_A_sub1,2010Q2,-141.0,GBP million
FNVQ,자본수지(KA),UK_BoP_Table_A_sub1,2010Q3,-650.0,GBP million
FNVQ,자본수지(KA),UK_BoP_Table_A_sub1,2010Q4,-407.0,GBP million
FNVQ,자본수지(KA),UK_BoP_Table_A_sub1,2011Q1,-313.0,GBP million
FNVQ,자본수지(KA),UK_BoP_Table_A_sub1,2011Q2,26.0,GBP million
FNVQ,자본수지(KA),UK_BoP_Table_A_sub1,2011Q3,54.0,GBP million
FNVQ,자본수지(KA),UK_BoP_Table_A_sub1,2011Q4,-758.0,GBP million
FNVQ,자본수지(KA),UK_BoP_Table_A_sub1,2012Q1,-1.0,GBP million
FNVQ,자본수지(KA),UK_BoP_Table_A_sub1,2012Q2,-212.0,GBP million
FNVQ,자본수지(KA),UK_BoP_Table_A_sub1,2012Q3,116.0,GBP million
FNVQ,자본수지(KA),UK_BoP_Table_A_sub1,2012Q4,-746.0,GBP million
FNVQ,자본수지(KA),UK_BoP_Table_A_sub1,2013Q1,-275.0,GBP million
FNVQ,자본수지(KA),UK_BoP_Table_A_sub1,2013Q2,118.0,GBP million
FNVQ,자본수지(KA),UK_BoP_Table_A_sub1,2013Q3,-171.0,GBP million
FNVQ,자본수지(KA),UK_BoP_Table_A_sub1,2013Q4,-1103.0,GBP million
FNVQ,자본수지(KA),UK_BoP_Table_A_sub1,2014Q1,-205.0,GBP million
FNVQ,자본수지(KA),UK_BoP_Table_A_sub1,2014Q2,-18.0,GBP million
FNVQ,자본수지(KA),UK_BoP_Table_A_sub1,2014Q3,-427.0,GBP million
FNVQ,자본수지(KA),UK_BoP_Table_A_sub1,2014Q4,-1453.0,GBP million
FNVQ,자본수지(KA),UK_BoP_Table_A_sub1,2015Q1,-34.0,GBP million
FNVQ,자본수지(KA),UK_BoP_Table_A_sub1,2015Q2,-781.0,GBP million
FNVQ,자본수지(KA),UK_BoP_Table_A_sub1,2015Q3,-453.0,GBP million
FNVQ,자본수지(KA),UK_BoP_Table_A_sub1,2015Q4,-586.0,GBP million
FNVQ,자본수지(KA),UK_BoP_Table_A_sub1,2016Q1,296.0,GBP million
FNVQ,자본수지(KA),UK_BoP_Table_A_sub1,2016Q2,-268.0,GBP million
FNVQ,자본수지(KA),UK_BoP_Table_A_sub1,2016Q3,-1019.0,GBP million
FNVQ,자본수지(KA),UK_BoP_Table_A_sub1,2016Q4,-608.0,GBP million
FNVQ,자본수지(KA),UK_BoP_Table_A_sub1,2017Q1,-163.0,GBP million
FNVQ,자본수지(KA),UK_BoP_Table_A_sub1,2017Q2,-598.0,GBP million
FNVQ,자본수지(KA),UK_BoP_Table_A_sub1,2017Q3,-8435.0,GBP million
FNVQ,자본수지(KA),UK_BoP_Table_A_sub1,2017Q4,-569.0,GBP million
FNVQ,자본수지(KA),UK_BoP_Table_A_sub1,2018Q1,-219.0,GBP million
FNVQ,자본수지(KA),UK_BoP_Table_A_sub1,2018Q2,-857.0,GBP million
FNVQ,자본수지(KA),UK_BoP_Table_A_sub1,2018Q3,-285.0,GBP million
FNVQ,자본수지(KA),UK_BoP_Table_A_sub1,2018Q4,-1355.0,GBP million
FNVQ,자본수지(KA),UK_BoP_Table_A_sub1,2019Q1,-97.0,GBP million
FNVQ,자본수지(KA),UK_BoP_Table_A_sub1,2019Q2,-23.0,GBP million
FNVQ,자본수지(KA),UK_BoP_Table_A_sub1,2019Q3,-268.0,GBP million
FNVQ,자본수지(KA),UK_BoP_Table_A_sub1,2019Q4,-934.0,GBP million
FNVQ,자본수지(KA),UK_BoP_Table_A_sub1,2020Q1,-301.0,GBP million
FNVQ,자본수지(KA),UK_BoP_Table_A_sub1,2020Q2,-118.0,GBP million
FNVQ,자본수지(KA),UK_BoP_Table_A_sub1,2020Q3,-1161.0,GBP million
FNVQ,자본수지(KA),UK_BoP_Table_A_sub1,2020Q4,-1436.0,GBP million
FNVQ,자본수지(KA),UK_BoP_Table_A_sub1,2021Q1,-490.0,GBP million
FNVQ,자본수지(KA),UK_BoP_Table_A_sub1,2021Q2,-313.0,GBP million
FNVQ,자본수지(KA),UK_BoP_Table_A_sub1,2021Q3,-786.0,GBP million
FNVQ,자본수지(KA),UK_BoP_Table_A_sub1,2021Q4,-649.0,GBP million
FNVQ,자본수지(KA),UK_BoP_Table_A_sub1,2022Q1,-524.0,GBP million
FNVQ,자본수지(KA),UK_BoP_Table_A_sub1,2022Q2,-841.0,GBP million
FNVQ,자본수지(KA),UK_BoP_Table_A_sub1,2022Q3,-737.0,GBP million
FNVQ,자본수지(KA),UK_BoP_Table_A_sub1,2022Q4,-1303.0,GBP million
FNVQ,자본수지(KA),UK_BoP_Table_A_sub1,2023Q1,-2134.0,GBP million
FNVQ,자본수지(KA),UK_BoP_Table_A_sub1,2023Q2,-862.0,GBP million
FNVQ,자본수지(KA),UK_BoP_Table_A_sub1,2023Q3,-769.0,GBP million
FNVQ,자본수지(KA),UK_BoP_Table_A_sub1,2023Q4,-1233.0,GBP million
FNVQ,자본수지(KA),UK_BoP_Table_A_sub1,2024Q1,-2198.0,GBP million
FNVQ,자본수지(KA),UK_BoP_Table_A_sub1,2024Q2,-295.0,GBP million
FNVQ,자본수지(KA),UK_BoP_Table_A_sub1,2024Q3,-1381.0,GBP million
FNVQ,자본수지(KA),UK_BoP_Table_A_sub1,2024Q4,-671.0,GBP million
FNVQ,자본수지(KA),UK_BoP_Table_A_sub1,2025Q1,-532.0,GBP million
FNVQ,자본수지(KA),UK_BoP_Table_A_sub1,2025Q2,-1773.0,GBP million
FNVQ,자본수지(KA),UK_BoP_Table_A_sub1,2025Q3,-1712.0,GBP million
FNVQ,자본수지(KA),UK_BoP_Table_A_sub1,2025Q4,-815.0,GBP million
HHDH,순오차누락(NEO),UK_BoP_Table_A_sub3,2006Q1,3234.0,GBP million
HHDH,순오차누락(NEO),UK_BoP_Table_A_sub3,2006Q2,-15110.0,GBP million
HHDH,순오차누락(NEO),UK_BoP_Table_A_sub3,2006Q3,2754.0,GBP million
HHDH,순오차누락(NEO),UK_BoP_Table_A_sub3,2006Q4,-6393.0,GBP million
HHDH,순오차누락(NEO),UK_BoP_Table_A_sub3,2007Q1,2972.0,GBP million
HHDH,순오차누락(NEO),UK_BoP_Table_A_sub3,2007Q2,5279.0,GBP million
HHDH,순오차누락(NEO),UK_BoP_Table_A_sub3,2007Q3,-6047.0,GBP million
HHDH,순오차누락(NEO),UK_BoP_Table_A_sub3,2007Q4,-14712.0,GBP million
HHDH,순오차누락(NEO),UK_BoP_Table_A_sub3,2008Q1,-5215.0,GBP million
HHDH,순오차누락(NEO),UK_BoP_Table_A_sub3,2008Q2,6589.0,GBP million
HHDH,순오차누락(NEO),UK_BoP_Table_A_sub3,2008Q3,4423.0,GBP million
HHDH,순오차누락(NEO),UK_BoP_Table_A_sub3,2008Q4,-14200.0,GBP million
HHDH,순오차누락(NEO),UK_BoP_Table_A_sub3,2009Q1,4923.0,GBP million
HHDH,순오차누락(NEO),UK_BoP_Table_A_sub3,2009Q2,7720.0,GBP million
HHDH,순오차누락(NEO),UK_BoP_Table_A_sub3,2009Q3,-12026.0,GBP million
HHDH,순오차누락(NEO),UK_BoP_Table_A_sub3,2009Q4,2752.0,GBP million
HHDH,순오차누락(NEO),UK_BoP_Table_A_sub3,2010Q1,-12945.0,GBP million
HHDH,순오차누락(NEO),UK_BoP_Table_A_sub3,2010Q2,14255.0,GBP million
HHDH,순오차누락(NEO),UK_BoP_Table_A_sub3,2010Q3,-1588.0,GBP million
HHDH,순오차누락(NEO),UK_BoP_Table_A_sub3,2010Q4,-14544.0,GBP million
HHDH,순오차누락(NEO),UK_BoP_Table_A_sub3,2011Q1,11858.0,GBP million
HHDH,순오차누락(NEO),UK_BoP_Table_A_sub3,2011Q2,-11931.0,GBP million
HHDH,순오차누락(NEO),UK_BoP_Table_A_sub3,2011Q3,7444.0,GBP million
HHDH,순오차누락(NEO),UK_BoP_Table_A_sub3,2011Q4,-11148.0,GBP million
HHDH,순오차누락(NEO),UK_BoP_Table_A_sub3,2012Q1,490.0,GBP million
HHDH,순오차누락(NEO),UK_BoP_Table_A_sub3,2012Q2,15206.0,GBP million
HHDH,순오차누락(NEO),UK_BoP_Table_A_sub3,2012Q3,-5533.0,GBP million
HHDH,순오차누락(NEO),UK_BoP_Table_A_sub3,2012Q4,-31.0,GBP million
HHDH,순오차누락(NEO),UK_BoP_Table_A_sub3,2013Q1,9847.0,GBP million
HHDH,순오차누락(NEO),UK_BoP_Table_A_sub3,2013Q2,13478.0,GBP million
HHDH,순오차누락(NEO),UK_BoP_Table_A_sub3,2013Q3,-13628.0,GBP million
HHDH,순오차누락(NEO),UK_BoP_Table_A_sub3,2013Q4,3693.0,GBP million
HHDH,순오차누락(NEO),UK_BoP_Table_A_sub3,2014Q1,-13714.0,GBP million
HHDH,순오차누락(NEO),UK_BoP_Table_A_sub3,2014Q2,12405.0,GBP million
HHDH,순오차누락(NEO),UK_BoP_Table_A_sub3,2014Q3,13818.0,GBP million
HHDH,순오차누락(NEO),UK_BoP_Table_A_sub3,2014Q4,-7596.0,GBP million
HHDH,순오차누락(NEO),UK_BoP_Table_A_sub3,2015Q1,11828.0,GBP million
HHDH,순오차누락(NEO),UK_BoP_Table_A_sub3,2015Q2,-12228.0,GBP million
HHDH,순오차누락(NEO),UK_BoP_Table_A_sub3,2015Q3,-8241.0,GBP million
HHDH,순오차누락(NEO),UK_BoP_Table_A_sub3,2015Q4,-2139.0,GBP million
HHDH,순오차누락(NEO),UK_BoP_Table_A_sub3,2016Q1,4199.0,GBP million
HHDH,순오차누락(NEO),UK_BoP_Table_A_sub3,2016Q2,15760.0,GBP million
HHDH,순오차누락(NEO),UK_BoP_Table_A_sub3,2016Q3,-11714.0,GBP million
HHDH,순오차누락(NEO),UK_BoP_Table_A_sub3,2016Q4,-13765.0,GBP million
HHDH,순오차누락(NEO),UK_BoP_Table_A_sub3,2017Q1,-13930.0,GBP million
HHDH,순오차누락(NEO),UK_BoP_Table_A_sub3,2017Q2,8432.0,GBP million
HHDH,순오차누락(NEO),UK_BoP_Table_A_sub3,2017Q3,6367.0,GBP million
HHDH,순오차누락(NEO),UK_BoP_Table_A_sub3,2017Q4,601.0,GBP million
HHDH,순오차누락(NEO),UK_BoP_Table_A_sub3,2018Q1,10631.0,GBP million
HHDH,순오차누락(NEO),UK_BoP_Table_A_sub3,2018Q2,-13407.0,GBP million
HHDH,순오차누락(NEO),UK_BoP_Table_A_sub3,2018Q3,8308.0,GBP million
HHDH,순오차누락(NEO),UK_BoP_Table_A_sub3,2018Q4,-14893.0,GBP million
HHDH,순오차누락(NEO),UK_BoP_Table_A_sub3,2019Q1,-4295.0,GBP million
HHDH,순오차누락(NEO),UK_BoP_Table_A_sub3,2019Q2,-9061.0,GBP million
HHDH,순오차누락(NEO),UK_BoP_Table_A_sub3,2019Q3,3858.0,GBP million
HHDH,순오차누락(NEO),UK_BoP_Table_A_sub3,2019Q4,-4895.0,GBP million
HHDH,순오차누락(NEO),UK_BoP_Table_A_sub3,2020Q1,-8045.0,GBP million
HHDH,순오차누락(NEO),UK_BoP_Table_A_sub3,2020Q2,8600.0,GBP million
HHDH,순오차누락(NEO),UK_BoP_Table_A_sub3,2020Q3,1817.0,GBP million
HHDH,순오차누락(NEO),UK_BoP_Table_A_sub3,2020Q4,-11752.0,GBP million
HHDH,순오차누락(NEO),UK_BoP_Table_A_sub3,2021Q1,-4344.0,GBP million
HHDH,순오차누락(NEO),UK_BoP_Table_A_sub3,2021Q2,-5512.0,GBP million
HHDH,순오차누락(NEO),UK_BoP_Table_A_sub3,2021Q3,1444.0,GBP million
HHDH,순오차누락(NEO),UK_BoP_Table_A_sub3,2021Q4,-5838.0,GBP million
HHDH,순오차누락(NEO),UK_BoP_Table_A_sub3,2022Q1,3031.0,GBP million
HHDH,순오차누락(NEO),UK_BoP_Table_A_sub3,2022Q2,-5962.0,GBP million
HHDH,순오차누락(NEO),UK_BoP_Table_A_sub3,2022Q3,-7140.0,GBP million
HHDH,순오차누락(NEO),UK_BoP_Table_A_sub3,2022Q4,2712.0,GBP million
HHDH,순오차누락(NEO),UK_BoP_Table_A_sub3,2023Q1,-1396.0,GBP million
HHDH,순오차누락(NEO),UK_BoP_Table_A_sub3,2023Q2,11755.0,GBP million
HHDH,순오차누락(NEO),UK_BoP_Table_A_sub3,2023Q3,9433.0,GBP million
HHDH,순오차누락(NEO),UK_BoP_Table_A_sub3,2023Q4,-1731.0,GBP million
HHDH,순오차누락(NEO),UK_BoP_Table_A_sub3,2024Q1,14457.0,GBP million
HHDH,순오차누락(NEO),UK_BoP_Table_A_sub3,2024Q2,-2582.0,GBP million
HHDH,순오차누락(NEO),UK_BoP_Table_A_sub3,2024Q3,-7936.0,GBP million
HHDH,순오차누락(NEO),UK_BoP_Table_A_sub3,2024Q4,-7775.0,GBP million
HHDH,순오차누락(NEO),UK_BoP_Table_A_sub3,2025Q1,-2879.0,GBP million
HHDH,순오차누락(NEO),UK_BoP_Table_A_sub3,2025Q2,1437.0,GBP million
HHDH,순오차누락(NEO),UK_BoP_Table_A_sub3,2025Q3,-9851.0,GBP million
HHDH,순오차누락(NEO),UK_BoP_Table_A_sub3,2025Q4,3467.0,GBP million
